id,domain,status,purchase_price,renewal_price,attractiveness,demand,length,registrar,created_at,expires_at,status_verified_at
e77ad0c7-23fd-4e13-afa1-1e947e2ae55a,bay.golf,resell,,,high,low,3,Dynadot Inc,22/01/2026 17:01,22/01/2027 17:01,09/08/2026 02:26
4a7d2af7-436e-434c-b2fa-20b1ab08ab1f,mosquito.golf,available,7.99,,medium,low,8,name.com,,,
cead0588-a7a7-479b-9d19-91965dced338,chop.golf,available,7.99,,high,low,4,name.com,,,
b333a022-6013-439a-9aa8-742e9d1f9a03,dough.golf,available,7.99,,high,low,5,name.com,,,
72756ba7-4e5d-46dd-9bfc-feb74769800a,hexad.golf,available,6.98,83.98,medium,low,5,namecheap,,,
0bcb04e0-daea-4d58-a39f-0efaba2fddb4,phil.golf,premium,854,854,high,medium,4,namesilo,,,
a71b4c40-815a-48bf-b5ed-23960c608d42,oddly.golf,available,7.99,,high,low,5,name.com,,,
e72f9892-2326-4597-8d32-7b37c360b2e7,hic.golf,available,7.99,,high,low,3,name.com,,,
9050166e-7d11-4d4c-9268-3c02eecc7397,captive.golf,available,6.98,83.98,high,low,7,namecheap,,,
437b7afe-37de-4d35-a60b-172f3ba6aefd,attitude.golf,available,7.99,,high,low,8,name.com,,,
240ad1eb-14e2-402b-9ca6-8ddd3be2fc83,astral.golf,available,6.98,83.98,high,low,6,namecheap,,,07/08/2026 09:57
82e74158-ff4a-493a-be36-bdc50e8a4b63,offhand.golf,available,6.98,83.98,high,low,7,namecheap,,,
34f85d90-37d2-4f52-821b-a553870948c4,irrational.golf,available,7.99,,high,low,10,name.com,,,
17d56e63-355d-49cc-a7c6-42382e3aec44,capitalism.golf,available,7.99,,high,low,10,name.com,,,
eafcec72-1d67-4bfc-8604-2a251a969ad9,major.golf,premium,118.8,118.8,high,low,5,namesilo,,,
32a6067e-379d-410e-8ad9-84d4d097eb3f,ala.golf,available,7.99,,high,low,3,name.com,,,
23785574-5ee5-41df-8cea-b54705251ddf,mecca.golf,available,7.99,,high,low,5,name.com,,,
21bc38be-5d46-4bd8-afc8-e01eb079c245,stars.golf,available,,,high,low,5,,,,
2001d481-72ee-4cb0-ba6b-df5d7536f867,infant.golf,available,7.99,,high,low,6,name.com,,,
5f82f3af-af10-4179-9ba8-2e8a71cd5c59,drown.golf,available,7.99,,medium,low,5,name.com,,,
914d2422-aaea-4250-8e74-828f02ef5474,negotiable.golf,available,6.98,83.98,medium,low,10,namecheap,,,07/08/2026 06:30
1a48b73a-6791-4f95-817b-649c8e71d995,cleaver.golf,available,7.99,,medium,low,7,name.com,,,
a7e4da7a-0fa0-40b1-9f24-4c37a34e3377,discard.golf,available,7.99,,high,low,7,name.com,,,
53c4a0f4-fdf7-4a02-b3d7-7b1830773b64,alaskan.golf,available,6.98,83.98,high,low,7,namecheap,,,
6b49d1e3-8e6e-4f1a-81e3-10d03ef011a1,against.golf,available,7.99,,medium,low,7,name.com,,,
9e8982b8-04e8-4031-a05a-52d4fcab2b17,footballer.golf,available,7.99,,high,low,10,name.com,,,
1d1121d9-329e-499a-ba32-e620ab1c18d5,lip.golf,available,7.99,,high,low,3,name.com,,,
7b5aed6a-cfb5-4125-bef3-7fcfe744211c,eased.golf,available,6.98,83.98,high,low,5,namecheap,,,
735938c5-2417-4780-bd91-12aeb3b223fb,abominable.golf,available,6.98,83.98,medium,low,10,namecheap,,,
99adad0c-a03d-400e-86c7-1e1029619042,unplug.golf,available,7.99,,high,low,6,name.com,,,
d4dd7632-ef9e-4529-ac8e-163e8e72f5b7,enter.golf,available,7.99,,high,low,5,name.com,,,
d6c934ff-a7f9-4ff2-bb91-6e90d22d019b,ideas.golf,available,7.99,,high,low,5,name.com,,,
8201a747-0baf-4c16-be0f-dfed8a27aaf5,jody.golf,available,7.99,,high,low,4,name.com,,,
896bc579-24e3-45e4-80ef-d546674c8ab9,coherently.golf,available,7.99,,high,low,10,name.com,,,
2d0c61df-65b0-4e5a-8ffb-73959cc56b79,superman.golf,available,7.99,,high,low,8,name.com,,,
5ab218c3-56d5-4d46-966d-071441d4ff96,offered.golf,available,7.99,,medium,low,7,name.com,,,
df9358f1-7869-44b9-a80d-b27ec7b3bbbb,disgust.golf,available,7.99,,high,low,7,name.com,,,
a14c75c9-2401-449e-aec7-3807a789c847,accoutered.golf,available,6.98,83.98,medium,low,10,namecheap,,,
686e5bc5-80b8-45af-9b12-347348eee166,gore.golf,available,7.99,,medium,low,4,name.com,,,
f3a0e16f-0ad1-428e-a2a7-ed60b1bd0316,acidic.golf,available,6.98,83.98,high,low,6,namecheap,,,
e27e4c2e-9e2b-41d7-af36-0ddbe0145dee,adonic.golf,available,6.98,83.98,medium,low,6,namecheap,,,
3c53e606-a0fa-4f5b-83ef-8d6fdbf3f431,aid.golf,available,7.99,,high,low,3,name.com,,,
74138c9b-f929-43db-8407-70e23ab03b7c,bavarian.golf,available,6.98,83.98,high,low,8,namecheap,,,09/08/2026 02:00
0b7d1d3c-4667-4514-9571-02f039a0d336,teamwork.golf,available,7.99,,high,low,8,name.com,,,
1027236e-3ef8-44cd-9eca-e9779096546c,stating.golf,available,7.99,,high,low,7,name.com,,,
a517ba93-c56a-4fc8-9baa-4f327e22c695,matisse.golf,available,7.99,,high,low,7,name.com,,,
efb3949c-ee8b-4796-8af6-823454bd0b57,storyteller.golf,available,7.99,,high,low,11,name.com,,,
e549569f-6b2d-438d-9a14-3ee37b5732ab,ageless.golf,available,6.98,83.98,high,low,7,namecheap,,,
c2b929c8-13b1-44c1-b53a-0cf6eb9e0a5f,ones.golf,available,7.99,,high,low,4,name.com,,,
95a74f25-17a4-4cb3-8e0c-6beb666082bd,actuated.golf,available,6.98,83.98,medium,low,8,namecheap,,,
79a6b454-f5a0-424b-ad53-923c9b405d87,attained.golf,available,6.98,83.98,high,low,8,namecheap,,,07/08/2026 15:07
c719105f-f15b-4ef4-a201-d5c050ec0a6d,pungent.golf,available,6.98,83.98,high,low,7,namecheap,,,
fac930c4-8e8e-471a-afe7-10b6feeeb5a5,insect.golf,available,7.99,,high,low,6,name.com,,,
3f8c1055-4b54-4363-997b-e2e442f3fcc5,ahuh.golf,available,7.99,,high,low,4,name.com,,,
291a7980-5415-4ae4-a8be-81083991c27a,kitschy.golf,available,6.98,83.98,medium,low,7,namecheap,,,09/08/2026 00:53
cb16f5bb-ac50-4c98-98f1-6012e4451fa1,injury.golf,available,7.99,,high,low,6,name.com,,,
56967cc4-d2c5-40d3-bf7c-53f6fc070acf,bareback.golf,available,6.98,83.98,medium,low,8,namecheap,,,08/08/2026 18:38
83bdf92f-b6ee-45ef-ab7f-b90174289a3f,goodenough.golf,available,7.99,,high,low,11,name.com,,,
1b2380df-c363-4844-8933-06e9f97d8bfa,affidavit.golf,available,7.99,,high,low,9,name.com,,,
8fd9bdfb-ba2a-429a-8fdd-80071a132752,hanukah.golf,available,7.99,,high,low,7,name.com,,,
99ebd242-5ea0-4860-a8d9-98a680a0a175,particles.golf,available,7.99,,medium,low,9,name.com,,,
e5d37a00-0bd4-4d2a-823e-18c68843d200,largely.golf,available,7.99,,medium,low,7,name.com,,,
7da3b52c-12e3-4fe2-ad1f-3d97ace197b6,hard.golf,available,6.98,83.98,high,low,4,namecheap,,,06/08/2026 16:55
95b91f0e-fb9b-45c3-aafb-1766c9ec5e0b,leave.golf,available,7.99,,high,low,5,name.com,,,
a6a4a950-6278-4f13-ba1a-31643dc8041f,wind.golf,available,7.99,,high,low,4,name.com,,,
09a35183-5f72-4a0b-adcd-4e2b2842a6f5,woven.golf,available,7.99,,high,low,5,name.com,,,
535e2f2f-cffc-4960-9af4-ed8118836374,married.golf,available,7.99,,high,low,7,name.com,,,
90087679-e71c-43cc-a2a0-7c30ef6ff2dd,lust.golf,available,7.99,,high,low,4,name.com,,,
6513f652-3b00-4d04-8bb9-dcca73f26718,montreal.golf,premium,123.75,,high,low,8,name.com,,,
34c26617-7f9e-4761-adda-d94acdf96c7e,sufficient.golf,available,7.99,,high,low,10,name.com,,,
fd8df339-e21d-4d08-90f6-3300975e33ba,pretense.golf,available,7.99,,high,low,8,name.com,,,
46acfa8e-cbff-4b0e-aac0-075ab6cc1236,fee.golf,available,7.99,,high,low,3,name.com,,,
996c3fa3-8296-4f1f-963e-851263b407ec,reversed.golf,available,7.99,,high,low,8,name.com,,,
475debcb-8319-4f61-9ef3-14e2279eb1a0,else.golf,available,7.99,,high,low,4,name.com,,,
086850d9-5b9e-4f5c-9c73-105473b48e14,scientifically.golf,available,7.99,,medium,low,14,name.com,,,
c1bcebfb-611e-46c3-9e52-15387e79c995,pulled.golf,available,7.99,,high,low,6,name.com,,,
ef98d155-7ad4-44cb-bb5f-84c9357f1776,lips.golf,available,7.99,,high,low,4,name.com,,,
d886e4ea-6795-48cf-841f-c00907ebc80e,enduring.golf,available,6.98,83.98,high,low,8,namecheap,,,
918034bb-051e-4d49-a883-d00779f41842,triangle.golf,available,7.99,,high,low,8,name.com,,,
3e8ca6e2-043b-42d6-9900-b4385017f483,other.golf,available,7.99,,high,low,5,name.com,,,
d49dc450-2b61-4db8-a0a7-eb5cf262457b,arabian.golf,resell,,,high,low,7,"Name.com, Inc.",08/10/2019 11:00,08/10/2026 11:00,06/08/2026 11:05
f267a630-b8db-492d-a10a-716a28b6d3f5,playfield.golf,available,7.99,,high,low,9,name.com,,,
faed072d-4664-4776-aa2c-21f6161d2a8c,arcane.golf,available,6.98,83.98,high,low,6,namecheap,,,06/08/2026 14:24
432665aa-bccc-435f-b7b6-42a1f45a4536,withering.golf,available,,,medium,low,9,,,,
15a2c42c-250f-4dcd-90f3-7a318e9c4e60,hear.golf,available,7.99,,high,low,4,name.com,,,
6dc74c8a-b6a4-4613-bacc-0869c30aa80c,barbate.golf,available,6.98,83.98,medium,low,7,namecheap,,,08/08/2026 16:10
9bcefe32-659b-40e1-ac74-0efe79955a1a,palm.golf,resell,,,high,low,4,Dynadot Inc,07/09/2025 17:05,07/09/2026 17:05,
dd4eff45-13bc-440e-8b93-c7551a02e0f8,amount.golf,available,7.99,,high,low,6,name.com,,,
b8c01008-038b-4b17-9641-8827dafb197b,intend.golf,available,7.99,,high,low,6,name.com,,,
8f998764-cc8f-47ed-b2c0-6939497eb723,sup.golf,available,7.99,,high,low,3,name.com,,,
0b17c007-8880-4d64-82d0-faf812552396,andorran.golf,available,6.98,83.98,high,low,8,namecheap,,,
ad3ebc5b-8bba-4ea9-94d9-27d2ce5b094c,vexation.golf,available,6.98,83.98,medium,low,8,namecheap,,,
b2b3d685-b244-42ea-9e89-c6b81ac5629b,assertive.golf,available,6.98,83.98,medium,low,9,namecheap,,,07/08/2026 05:59
78952e1d-b005-4e36-b23f-b041346ba991,circuit.golf,available,7.99,,high,low,7,name.com,,,
799c0208-ecf8-479f-8d3c-623c419d4cd5,debt.golf,available,7.99,,high,low,4,name.com,,,
79132adb-f726-47a4-a16b-62456ecba280,hellish.golf,available,6.98,83.98,medium,low,7,namecheap,,,09/08/2026 04:59
b6706694-c1ef-4fd1-89ac-8c78e4121de9,autogenic.golf,available,6.98,83.98,medium,low,9,namecheap,,,07/08/2026 20:21
68755d2d-3b61-41a8-8c9e-5a3679424396,times.golf,available,,,high,low,5,,,,
8d433250-d69a-448e-a818-5f1d4a2c398f,affiliation.golf,available,7.99,,high,low,11,name.com,,,
4a31cabb-9a95-4232-9809-05ceaec8c6c7,huge.golf,available,7.99,,high,low,4,name.com,,,
79af152b-fe29-4e04-8c9b-13b61db8a394,thirteenth.golf,available,6.98,83.98,high,low,10,namecheap,,,
0d8317cd-b245-4463-b4f8-304cb8e8199b,abroach.golf,available,6.98,83.98,medium,low,7,namecheap,,,
1b620439-f55b-4feb-8133-9c6063abcf33,enwrapped.golf,available,6.98,83.98,medium,low,9,namecheap,,,
61b36f58-f9aa-41ca-bbce-a162a326c421,kiev.golf,available,7.99,,high,low,4,name.com,,,
70be7fa7-4c80-4305-9d44-f449d92ff37a,courtroom.golf,available,7.99,,high,low,9,name.com,,,
fd723df7-c22b-471a-a9aa-3d4addc3e48b,atop.golf,available,7.99,,high,low,4,name.com,,,
f524be78-7c6d-42f5-9dbf-a668887744a6,clergy.golf,available,7.99,,high,low,6,name.com,,,
552b4994-0133-4ee0-baaa-46869bd20924,plate.golf,available,7.99,,high,low,5,name.com,,,
1c900b3f-d680-49b9-96f2-bc93c8377943,increase.golf,available,7.99,,high,low,8,name.com,,,
7c7fb34e-a50c-4fb6-be51-26b92342f42c,zestful.golf,available,6.98,83.98,medium,low,7,namecheap,,,08/08/2026 19:51
11cce43d-bb62-44e3-acb7-a35231370ac8,polyester.golf,available,7.99,,high,low,9,name.com,,,
be12ec68-0e4e-4ec0-83e5-7377113083e4,befuddled.golf,available,6.98,83.98,medium,low,9,namecheap,,,07/08/2026 11:41
d5cde5e6-474d-45d4-a6c5-f624d46482e1,melancholy.golf,available,7.99,,high,low,10,name.com,,,
0bdf719c-9405-4cf1-b1ed-30ca3908d8ea,uncommitted.golf,available,7.99,,medium,low,11,name.com,,,
83ae7204-75d2-4a24-ae9c-1828e2009bf3,managing.golf,available,7.99,,high,low,8,name.com,,,
c71fbabf-2d84-4da6-afb6-c5e896876b0e,filming.golf,available,7.99,,high,low,7,name.com,,,
cbcd3ea2-db3d-44d4-bd24-ecbe768980c6,ruin.golf,available,6.98,83.98,high,low,4,namecheap,,,08/08/2026 13:39
f6d0ce28-7c16-4f1f-b461-eef63c542f65,prioritize.golf,available,7.99,,high,low,10,name.com,,,
ea14fdfa-98c2-47ab-b48d-1504dfd126dd,baseless.golf,available,6.98,83.98,medium,low,8,namecheap,,,08/08/2026 21:44
ad13c2d4-1218-464e-9ed0-d6e6f266ab6c,dick.golf,available,7.99,,high,low,4,name.com,,,
fd9b098d-6b93-452b-9c70-51de2e669571,emergency.golf,available,7.99,,high,low,9,name.com,,,
3ea5c8d2-a835-4ce6-8c78-6596eafe9d07,visible.golf,available,7.99,,high,low,7,name.com,,,
93964313-ad22-4e42-974c-f88616215e98,size.golf,available,7.99,,high,low,4,name.com,,,
fb4da933-62ec-4bb3-b946-bb8cba965bbc,atacama.golf,available,7.99,,high,low,7,name.com,,,
b46fdbd7-b7f0-4b63-a2fd-19a83d50ed10,cosmos.golf,available,7.99,,high,low,6,name.com,,,
c9b4cad7-c9d3-4ece-b76e-8d918ecb6977,kilometer.golf,available,7.99,,high,low,9,name.com,,,
ee3a43af-7597-4969-8647-63c1a68821d9,admiration.golf,available,7.99,,high,low,10,name.com,,,
13d34521-eaa4-4b52-9094-a2c74f181e16,apical.golf,available,6.98,83.98,high,low,6,namecheap,,,05/08/2026 23:58
12c5c0e2-630a-4f3f-bb9e-9642484f8c09,aluminous.golf,available,6.98,83.98,medium,low,9,namecheap,,,
f9c6ff93-f463-407b-b07e-f2e0a4d5ff52,actinoid.golf,available,6.98,83.98,medium,low,8,namecheap,,,
9c50b82b-1bcf-4307-a7c4-ebf8ce0a5f8a,mere.golf,available,7.99,,high,low,4,name.com,,,
751b6079-198f-4dad-9557-efb300621ef1,personally.golf,available,7.99,,high,low,10,name.com,,,
144e7299-c6a7-4b7c-ad86-5e54c548adcf,cancel.golf,available,7.99,,high,low,6,name.com,,,
2bf34da9-b3d9-4297-9ef5-d11ce17005c2,vanquish.golf,available,6.98,83.98,high,low,8,namecheap,,,09/08/2026 05:32
0148ae52-e258-483f-aea9-ce90640a4e50,patrician.golf,available,6.98,83.98,medium,low,9,namecheap,,,06/08/2026 19:34
0ef1d4ab-3f2c-46df-8b07-444f77e7b058,secondly.golf,available,7.99,,medium,low,8,name.com,,,
060cdc8e-d83c-4883-aa03-e361a893a5e8,antic.golf,available,6.98,83.98,high,low,5,namecheap,,,
b0e0c4fd-874c-4dee-9134-4ca4a95f69b3,adequately.golf,available,7.99,,high,low,10,name.com,,,
df5baab7-fc92-4fae-9904-60563677f4d5,overall.golf,available,7.99,,high,low,7,name.com,,,
24167389-bcfb-4937-9cb7-de7c30032e30,bluetooth.golf,available,7.99,,high,low,9,name.com,,,
fdd397c3-4d37-4c85-980b-e32d351473a5,terminating.golf,available,6.98,83.98,medium,low,11,namecheap,,,08/09/2026 14:51
15a44631-43e0-42bf-b2c9-442256b7502c,voting.golf,available,7.99,,high,low,6,name.com,,,
f0d64368-e672-4b37-b8ca-bfc29549fecc,much.golf,available,7.99,,high,low,4,name.com,,,
7213d102-b203-4044-b34c-2a5333dadfc2,basketball.golf,available,7.99,,high,low,10,name.com,,,
02389b90-27f8-4690-8d6a-a29ef545e7dd,lamppost.golf,available,7.99,,high,low,8,name.com,,,
654a39cd-1d40-48f5-8d31-b7eed4e933a6,previously.golf,available,7.99,,high,low,10,name.com,,,
26f55f4a-38cd-4188-8fd6-1c2bb513d33e,revised.golf,available,7.99,,high,low,7,name.com,,,
4f790360-060f-4684-af19-8e114ec1e83c,xxxiv.golf,available,6.98,83.98,medium,low,5,namecheap,,,
df234696-3f1d-4159-9a72-25613c874964,dendroid.golf,available,6.98,83.98,medium,low,8,namecheap,,,06/08/2026 13:50
9ec823b5-5a4c-4f2b-9237-b858c7fdae5a,boost.golf,available,7.99,,high,medium,5,name.com,,,
5885870a-b24c-4ff3-b7e9-415ca1033af0,converge.golf,available,7.99,,high,low,8,name.com,,,
5cc48af4-0531-4a29-adb2-0779214d2405,captivated.golf,available,6.98,83.98,medium,low,10,namecheap,,,09/08/2026 09:52
f9955ca0-039c-4cb6-94d4-c0c43c6e7efc,avaricious.golf,available,6.98,83.98,medium,low,10,namecheap,,,07/08/2026 21:48
fbdbfb3b-a7e8-4fba-9f46-b87b8b4d419a,dew.golf,available,7.99,,high,low,3,name.com,,,
c38f8bb7-a2e8-43f9-ac90-2c4b104f4a6a,normandy.golf,available,7.99,,high,low,8,name.com,,,
af9cf491-af2d-44ec-b4fc-1b90312652af,worthy.golf,available,7.99,,high,low,6,name.com,,,
c6a75c06-b162-420a-8fe2-8f7308caab19,indifferent.golf,available,7.99,,high,low,11,name.com,,,
d2e93ee4-eae5-4552-9fb2-6367fd4958a2,successes.golf,available,7.99,,medium,low,9,name.com,,,
c91b6185-6ff9-407d-8e17-28ddfb25dfe9,antenna.golf,available,7.99,,high,low,7,name.com,,,
3f14818a-e9e0-42eb-915c-04b1defb06e5,quaternary.golf,available,6.98,83.98,medium,low,10,namecheap,,,
70bf3b15-966c-48ad-b994-d2ae6cce13e9,abstracted.golf,available,6.98,83.98,medium,low,10,namecheap,,,
9375bf64-c78b-4e64-b7cd-57847918e4e9,lowering.golf,available,7.99,,high,low,8,name.com,,,
b656688d-b887-4707-90cd-678e9ed8c27e,alvine.golf,available,6.98,83.98,medium,low,6,namecheap,,,
75dd4e8e-7822-44bb-96d9-29681b189144,cxxv.golf,available,6.98,83.98,medium,low,4,namecheap,,,
724c1b82-4328-4b93-a44a-b96726627cd3,unassuming.golf,available,7.99,,high,low,10,name.com,,,
03cfc96f-6310-48d7-8baf-ae9b423673bb,nose.golf,available,7.99,,high,low,4,name.com,,,
3bba8058-4fd7-4922-9ba6-00b9d6ca46c9,axe.golf,available,7.99,,high,low,3,name.com,,,
16af5764-9edb-4eec-b081-68f4493cf3c8,gymnastic.golf,available,6.98,83.98,high,low,9,namecheap,,,
41b20377-c6aa-4e20-a534-1d9501f21f75,brook.golf,available,7.99,,high,low,5,name.com,,,
272c3997-288c-4e83-ace8-163e67f7a44e,jock.golf,available,7.99,,high,low,4,name.com,,,
9e2361d1-292a-4bef-b099-b164e7792ba2,nifty.golf,available,6.98,83.98,high,low,5,namecheap,,,08/08/2026 12:38
5a76508a-39ef-4fdc-a440-1847cb761bce,privileged.golf,available,7.99,,high,low,10,name.com,,,
84bad308-dc49-4a66-abb3-c75d6bd4363e,preserved.golf,available,7.99,,high,low,9,name.com,,,
540d4ac8-9775-45fd-8911-c51f9047b5d0,album.golf,available,7.99,,high,low,5,name.com,,,
a17ed548-3983-4b28-8567-f66da01a1576,creaky.golf,available,6.98,83.98,medium,low,6,namecheap,,,06/08/2026 22:59
1b801100-1070-4f94-a3bc-c2e11982c31c,grandfather.golf,available,7.99,,high,low,11,name.com,,,
31b548b2-1648-46de-9c96-ff7fade34d2f,applied.golf,available,6.98,83.98,high,low,7,namecheap,,,06/08/2026 07:11
9a8cec13-5c7f-45c7-829e-f9d5eabc9605,plier.golf,available,7.99,,high,low,5,name.com,,,
04fc1a2e-31d2-43bf-a328-b0a9757917b4,impractical.golf,available,7.99,,medium,low,11,name.com,,,
ac808900-b457-4436-bc32-1b8ffed52878,arbitrarily.golf,available,7.99,,medium,low,11,name.com,,,
4ad2e756-4d5a-42c0-b8ea-6a246f6c9b04,backed.golf,available,6.98,83.98,high,low,6,namecheap,,,08/08/2026 05:33
2a43d526-56c5-460a-8623-3b7d11330f7d,analogous.golf,available,6.98,83.98,medium,low,9,namecheap,,,
d5f9e31e-fc55-4373-ae61-d355f3a1fdb5,ham.golf,available,7.99,,high,low,3,name.com,,,
f1a8eaa0-215b-4429-9215-a330c459ad34,seafood.golf,available,6.98,83.98,high,low,7,namecheap,,,08/09/2026 02:47
4ba550e8-473d-40d4-90c3-13b299d934c8,overhead.golf,available,7.99,,high,low,8,name.com,,,
7c96f277-26da-4d30-ba9c-3946fe741592,episode.golf,available,7.99,,high,low,7,name.com,,,
bee12dee-a8b2-4ab4-b3ff-b6bdae6899e6,grew.golf,available,7.99,,high,low,4,name.com,,,
98b1cc4e-d37d-43e5-8880-4b5bff101e4f,fact.golf,available,7.99,,high,low,4,name.com,,,
cb61f612-fac7-4d8a-bdc5-3d63bf7d5905,commodity.golf,available,7.99,,high,low,9,name.com,,,
607d2232-dd39-4d81-aed0-9472afef3ee5,executing.golf,available,7.99,,high,low,9,name.com,,,
8ef83132-fff4-4a4e-abe9-23817afcafaa,glasses.golf,resell,,,high,low,7,"GoDaddy.com, LLC",21/06/2025 07:22,21/06/2026 07:22,
6870ee2c-5809-4470-902b-9f4f3bc8a765,awny.golf,available,6.98,83.98,medium,low,4,namecheap,,,08/08/2026 01:25
f782e1c4-07c4-4c29-ad24-c9f24dc1dea0,toad.golf,available,6.98,83.98,high,low,4,namecheap,,,05/08/2026 21:06
8378f183-b622-4b92-991c-dd01d1a11c2a,abeyant.golf,available,6.98,83.98,medium,low,7,namecheap,,,
f9b11619-f10b-41b1-a974-63a0b2581051,cali.golf,available,7.99,,high,low,4,name.com,,,
16f87a3d-7946-44fd-8a71-5dff923f39a8,swastika.golf,available,7.99,,medium,low,8,name.com,,,
2618e5ea-3e8a-4b0a-b101-b11170f94267,spherical.golf,available,6.98,83.98,high,low,9,namecheap,,,08/08/2026 10:21
f904d211-4712-4598-b989-5d4e9b142633,antipodean.golf,available,6.98,83.98,medium,low,10,namecheap,,,
ec6f9e1e-ebf0-4aa5-8131-63c0b0891d98,indorse.golf,available,6.98,83.98,medium,low,7,namecheap,,,08/08/2026 05:17
b348db83-7a7e-4493-bde9-c1aa6608ac11,democrat.golf,available,7.99,,high,low,8,name.com,,,
b77b49fc-ae34-4e2b-a691-15ca9c587abb,spartacus.golf,available,7.99,,high,low,9,name.com,,,
7d6ec894-f403-435c-9484-c7e6ef3e703d,armenian.golf,available,6.98,83.98,high,low,8,namecheap,,,06/08/2026 19:39
8287bd18-b8aa-4390-96d9-844c2920d1d1,googler.golf,available,7.99,,high,low,7,name.com,,,
29a17e31-2272-4f72-9cdb-296ca51b5063,rooms.golf,available,7.99,,high,low,5,name.com,,,
86e6fe6e-1622-488a-a70e-e7626abdc654,sight.golf,available,7.99,,high,low,5,name.com,,,
5425b541-376a-4073-bb6e-bc2642aac173,ashen.golf,available,6.98,83.98,medium,low,5,namecheap,,,07/08/2026 02:09
3e2748d9-ad86-4e2c-929e-6207e64ef9e4,aside.golf,available,7.99,,high,low,5,name.com,,,
6a6e3ab4-8a75-4e50-a965-044d4711a73e,peace.golf,available,7.99,,high,low,5,name.com,,,
36be07d4-2ecd-4fca-b53d-c1634f81b257,charles.golf,available,7.99,,high,low,7,name.com,,,
b2b5c80c-e695-4023-bdd3-8a406a034fea,saddening.golf,available,7.99,,medium,low,9,name.com,,,
09da55cd-4b84-40d2-9a76-1e2b724de7c3,threescore.golf,available,6.98,83.98,medium,low,10,namecheap,,,
2acc53ab-15a6-432d-b655-995fdc9c421e,godhead.golf,available,6.98,83.98,high,low,7,namecheap,,,
bdf7f742-2b39-4571-b321-3d8c24e8186a,overflow.golf,available,7.99,,high,low,8,name.com,,,
cf4c73d0-887b-44ae-aa5c-5576dce03db8,nurse.golf,available,7.99,,high,low,5,name.com,,,
f0aaf4a7-1dee-4c0a-a1be-7e1113367a3f,urgent.golf,available,7.99,,high,low,6,name.com,,,
12e96d1b-ae87-40f5-b637-7e43ce3aee99,apian.golf,available,6.98,83.98,medium,low,5,namecheap,,,05/08/2026 23:47
b742414a-eb5e-4b65-b583-f04a5dde43a1,outlook.golf,available,,,high,low,7,,,,
2c5bd0f9-3137-4fea-88c4-5a4e1d0d0309,proficiency.golf,available,7.99,,high,low,11,name.com,,,
1cc3b1fd-2881-4ba6-b232-80cc7016d442,grungy.golf,available,6.98,83.98,low,low,6,namecheap,,,09/08/2026 09:36
4b1bc20d-1479-4be4-a2c1-552c4c66b0df,bum.golf,available,6.98,83.98,high,low,3,namecheap,,,09/08/2026 10:49
b33b3aa8-07fb-474f-89d8-8b470fb486b8,hanoi.golf,available,7.99,,high,low,5,name.com,,,
e81fee57-08f2-4276-9fc1-5375b0cbeeaf,abused.golf,available,6.98,83.98,high,low,6,namecheap,,,
765a1f7f-bfff-438c-8e9e-ca32eb0c6139,providence.golf,available,7.99,,high,low,10,name.com,,,
38b6ce46-f9f4-47f3-9d3f-9611bb0296d9,afterward.golf,available,6.98,83.98,medium,low,9,namecheap,,,
5c50f89c-6f4f-4570-802d-e35bf33c8592,rewarding.golf,available,7.99,,high,low,9,name.com,,,
1db4cfe7-08ab-42b4-b05d-892fb0c009c3,prison.golf,available,7.99,,high,low,6,name.com,,,
892363d6-11ad-4837-afc2-3c4f48722815,jolt.golf,available,7.99,,high,low,4,name.com,,,
46d71b6c-8991-4ad1-8b63-679e8e346a6a,rhianna.golf,available,7.99,,high,low,7,name.com,,,
a2a64379-7813-4680-b75d-8b3f548b46bb,acetabular.golf,available,6.98,83.98,medium,low,10,namecheap,,,
fb4cd351-f9b8-477f-befa-1612cac858d4,thing.golf,available,7.99,,high,low,5,name.com,,,
9fd4a06c-fb30-49d5-8a7d-33eb8e1a6fad,beamy.golf,available,6.98,83.98,medium,low,5,namecheap,,,09/08/2026 04:18
71020879-6139-4f54-8aba-aa7f69ce41d5,conditions.golf,available,7.99,,high,low,10,name.com,,,
949b69ca-e728-4d62-a959-86da8e1ec914,zooming.golf,available,7.99,,high,low,7,name.com,,,
2b7028c8-6705-4458-a325-d538bf12ad73,sat.golf,available,7.99,,high,low,3,name.com,,,
76056d2c-1111-4f4e-9c0d-d27dbe2727a0,allegretto.golf,available,,,high,low,10,,,,
d1b245e2-d2fc-46d9-b559-d6688c55b5a0,amnesiac.golf,available,6.98,83.98,medium,low,8,namecheap,,,
5370207e-209e-4a94-a0cd-6ede8c33cb5d,ane.golf,available,6.98,83.98,high,low,3,namecheap,,,
98370517-ab6d-4653-85f6-06cdd6527829,distress.golf,available,7.99,,high,low,8,name.com,,,
feaec44c-3c03-4b5b-8a1f-831c5f71df89,wondered.golf,available,7.99,,high,low,8,name.com,,,
647b2608-028a-4121-8a03-f4fc8dd6dfe9,appealing.golf,available,6.98,83.98,high,low,9,namecheap,,,06/08/2026 05:51
231b5ecf-64a1-4419-97a8-5e5171ada2b4,noncitizen.golf,available,6.98,83.98,high,low,10,namecheap,,,
9e50868d-e35f-418a-a58b-dd66d990a64c,bantu.golf,available,6.98,83.98,medium,low,5,namecheap,,,08/08/2026 14:50
a5afa2d0-ee77-4609-94b0-a7841f46d779,undergraduate.golf,available,7.99,,high,low,13,name.com,,,
9773b799-f550-439f-b812-9b5fc73216ff,scheme.golf,available,7.99,,high,low,6,name.com,,,
97ae99d7-f572-4ec5-8d9c-48d149824a6b,ixc.golf,available,6.98,83.98,medium,low,3,namecheap,,,
65a4d55e-22b2-4598-ac56-ef8eb5cd12a3,lordly.golf,available,6.98,83.98,medium,low,6,namecheap,,,07/08/2026 17:05
586a71ad-7e52-4bad-857b-f7e81c328a5f,credible.golf,available,6.98,83.98,high,low,8,namecheap,,,09/08/2026 12:56
9fd58e6f-6131-493d-b458-8563e0ca28a3,adhesive.golf,available,6.98,83.98,high,low,8,namecheap,,,
145b7d34-9c28-49e4-824d-529ef32459b3,wishing.golf,available,7.99,,high,low,7,name.com,,,
34854f15-1cd4-4bbc-9891-34945e5cf0d1,beamish.golf,available,6.98,83.98,medium,low,7,namecheap,,,09/08/2026 04:08
97dd9a5a-6a07-49a9-92b5-eaca87bfae45,defense.golf,available,7.99,,high,low,7,name.com,,,
01fd6e91-7c47-49e7-949b-97e45f59c7db,nuthin.golf,available,7.99,,medium,low,6,name.com,,,
3b70f956-9b44-4136-aef7-4e989392bdb2,tues.golf,available,7.99,,high,low,4,name.com,,,
f82d4c6b-7b37-4642-a2e0-8900c8545088,mazed.golf,available,6.98,83.98,medium,low,5,namecheap,,,07/08/2026 12:07
044572f3-173a-4349-b34e-ed8bea5a7132,hydroponic.golf,available,6.98,83.98,medium,low,10,namecheap,,,06/08/2026 10:34
d8f02946-1d21-49bc-afa8-fe7a8b29ad55,agelong.golf,available,6.98,83.98,medium,low,7,namecheap,,,
4d7127d7-bbae-4930-98e0-0f7f39302475,demonstration.golf,available,7.99,,high,low,13,name.com,,,
f87d537d-4b4b-432f-ad1b-edfd04dc82ac,grubby.golf,available,6.98,83.98,medium,low,6,namecheap,,,09/08/2026 09:31
0abc9c91-1cc1-4cd3-8636-2d27eaa3a413,irritable.golf,available,7.99,,medium,low,9,name.com,,,
2ecf9b38-d4e3-4f2a-9ae7-ab20ad86c885,suspect.golf,available,7.99,,high,low,7,name.com,,,
8c922d3d-20d2-4e5c-ab8d-4e45d8e8cd5c,acquired.golf,available,6.98,83.98,high,low,8,namecheap,,,
fe92d907-0cc0-4d9d-8cca-fc442b75eb46,pretzel.golf,available,7.99,,high,low,7,name.com,,,
8bcc22a2-f611-498d-ae25-09307ce13333,operated.golf,available,7.99,,high,low,8,name.com,,,
521d7999-d863-478d-a520-ce63c4f25ab1,wellbeing.golf,available,7.99,,high,low,9,name.com,,,
f9a5e22f-5f77-4252-8849-b2234fcff6db,analogue.golf,available,6.98,83.98,high,low,8,namecheap,,,
a8226434-96fa-43c3-a4d0-863f56a532e6,advocate.golf,available,7.99,,high,low,8,name.com,,,
6b9de77b-2599-4754-ab77-a3379f285e75,butt.golf,available,6.98,83.98,medium,low,4,namecheap,,,09/08/2026 10:40
d9db0496-bab4-4f02-b142-9e3bf57ea0b8,anemic.golf,available,6.98,83.98,high,low,6,namecheap,,,
941d7a6b-8168-4994-877d-6a7b85807b9b,none.golf,available,7.99,,high,low,4,name.com,,,
6be92cbd-a8ee-4480-b503-601ec3c0b172,change.golf,available,,,high,low,6,,,,
05a4efe9-959f-4b56-b9e8-853c299f1321,florid.golf,available,6.98,83.98,medium,low,6,namecheap,,,07/08/2026 17:26
c0bb5378-46d2-4042-9238-21cf9ef2ba34,moral.golf,available,7.99,,high,low,5,name.com,,,
5f3692bc-824d-4811-8610-2d4364233cca,froze.golf,available,7.99,,medium,low,5,name.com,,,
3d125fd7-4488-4e42-8540-0630456d8542,smell.golf,available,7.99,,high,low,5,name.com,,,
47eea766-3906-4de0-90f3-041ab9e3de97,shelter.golf,available,7.99,,high,low,7,name.com,,,
cb700d10-fd8c-4a4a-84af-8aafcf9a3b65,anosmic.golf,available,6.98,83.98,medium,low,7,namecheap,,,
6b8dc954-3c0f-43a7-9e3f-d0c787839ffb,worshipful.golf,available,6.98,83.98,high,low,10,namecheap,,,
24b96e30-7b95-4dce-9f3d-091123ba964c,token.golf,resell,,,high,medium,5,Dynadot Inc,28/07/2021 08:36,28/07/2027 08:36,20/09/2026 02:28
41919efa-8aa3-442e-93c7-d35129410818,backstage.golf,available,6.98,83.98,high,low,9,namecheap,,,08/08/2026 06:18
9f9899f1-72b2-4b29-b7a0-920a2c2bde6a,amok.golf,available,6.98,83.98,high,low,4,namecheap,,,
e26de687-2007-4c79-9c23-6f2a26009b09,pray.golf,available,7.99,,high,low,4,name.com,,,
8c34a7cf-6b9a-4ccf-8327-27e0afae7a73,slope.golf,available,7.99,,high,low,5,name.com,,,
242bdd4a-0a94-4f3a-9ee1-c39c7deb79a2,gently.golf,available,7.99,,high,low,6,name.com,,,
24d62d78-2167-494f-8f73-b129a45c6a0c,sold.golf,available,7.99,,high,low,4,name.com,,,
f523095a-56ca-4b6d-83dd-22b33a5fb0c0,endorse.golf,available,6.98,83.98,high,low,7,namecheap,,,08/09/2026 09:45
04d9acc4-d0cf-4a9e-8ad2-ffe35f892b3a,thunder.golf,available,7.99,,high,low,7,name.com,,,
de8ccad1-d4f8-4433-8a31-d6ccee7b1c1c,unused.golf,available,7.99,,medium,low,6,name.com,,,
ec9ecaf5-6e6c-4e48-aa31-d600b025bd7b,aciculate.golf,available,6.98,83.98,medium,low,9,namecheap,,,
f75c6669-c9c0-4369-828b-089a11308520,beige.golf,available,6.98,83.98,high,low,5,namecheap,,,09/08/2026 12:22
e14c2ef2-b00a-4b0f-bd05-48f3cfa78d5b,intersection.golf,available,7.99,,high,low,12,name.com,,,
52c7fc19-c7c5-4977-b3db-ad8719cb3295,btw.golf,available,7.99,,high,low,3,name.com,,,
9695d75a-eebb-474e-bd28-19e17e8b0999,fall.golf,available,7.99,,high,low,4,name.com,,,
6565ec3c-49d7-4e56-b09c-00617ba48d7a,watt.golf,available,7.99,,high,low,4,name.com,,,
17ff7433-94d6-4d87-8d46-122610bd9a1a,volleyball.golf,available,7.99,,high,low,10,name.com,,,
af262051-ee92-4a60-8e57-4b5178588297,maudlin.golf,available,6.98,83.98,medium,low,7,namecheap,,,09/08/2026 00:42
a54a1a91-2874-4ce6-8614-7d7a70813bcf,begotten.golf,available,6.98,83.98,medium,low,8,namecheap,,,09/08/2026 09:11
cfa20063-3f09-4d23-9eda-d6bfd7afd755,these.golf,available,7.99,,medium,low,5,name.com,,,
dd79e1f7-1a9a-4fe0-86ce-d6018e47c620,dandy.golf,available,6.98,83.98,high,low,5,namecheap,,,08/08/2026 12:30
03cc2e4c-9810-4376-b51d-ecba1a29d2ec,price.golf,available,7.99,,high,low,5,name.com,,,
23e31b09-eb8a-4c4d-b03e-1e7cbd85a687,capone.golf,available,7.99,,medium,low,6,name.com,,,
12215c04-6052-41f0-854f-d23875bd460a,groups.golf,available,7.99,,high,low,6,name.com,,,
bdb2e858-6265-4c07-867d-3ee35401656f,assess.golf,available,7.99,,high,low,6,name.com,,,
d9f49303-8377-4020-b1c2-46317b43109e,totaled.golf,available,7.99,,high,low,7,name.com,,,
d2dc9787-d446-4dde-b3f7-57bcfd69240e,opinion.golf,available,7.99,,high,low,7,name.com,,,
9bb0b661-1953-4404-96ea-36d31d64c19d,surrender.golf,available,7.99,,high,low,9,name.com,,,
1b25c142-b88b-40aa-82bb-a262ef872210,coolly.golf,available,7.99,,medium,low,6,name.com,,,
5691503e-8bc8-4e3d-b96d-46fdd07c0813,recommendation.golf,available,7.99,,high,low,14,name.com,,,
e36c0ddc-0fa1-49f4-9d1c-46a6970f3b94,congestion.golf,available,7.99,,high,low,10,name.com,,,
57de343d-bd35-4942-9105-9b6ead81eb0b,jersey.golf,available,,,high,low,6,,,,
4b6b629c-049d-44d9-af3b-d9fe744b62cc,farmer.golf,available,6.98,83.98,high,low,6,namecheap,,,08/09/2026 06:02
1d440bfe-27a4-48bb-8908-b1a2f4b947c6,glittery.golf,available,6.98,83.98,high,low,8,namecheap,,,
c407c22b-c5ce-4e08-adaa-1bf05cf32770,assiduous.golf,available,6.98,83.98,medium,low,9,namecheap,,,07/08/2026 06:09
43d89ee0-74b9-4bfb-8452-55ac4d7b5314,bacchanal.golf,available,6.98,83.98,high,low,9,namecheap,,,08/08/2026 04:14
22cfdcf7-f72b-49f2-bd6b-08c01bf3de3a,mom.golf,available,7.99,,high,low,3,name.com,,,
c084c49b-9413-4dfd-ae73-5f22e9603dfa,airline.golf,available,7.99,,high,low,7,name.com,,,
3ff1b247-e3c4-49d9-8aa9-74c75c243341,blistering.golf,available,6.98,83.98,high,low,10,namecheap,,,
c1bba81d-fbbb-4aec-9a82-04d164ddc8e7,outback.golf,available,7.99,,high,low,7,name.com,,,
8b002949-3c21-4a2e-8301-f7c39f6f2253,diversity.golf,available,7.99,,high,low,9,name.com,,,
157fda76-c273-4b83-93c4-d0154b55c4db,put.golf,available,7.99,,high,low,3,name.com,,,
fc1df0e4-d13a-43e9-a0ec-1b63a5d6ae93,rejected.golf,available,7.99,,medium,low,8,name.com,,,
31b7a2be-b9fe-4302-acc5-0c9c47d7b1d7,fasten.golf,available,7.99,,high,low,6,name.com,,,
6d005b8b-ffbb-4cc6-bd29-069727f9964f,soul.golf,available,7.99,,high,medium,4,name.com,,,
3ec40753-f2a6-4fee-a44d-13ac1232a849,gates.golf,available,7.99,,high,low,5,name.com,,,
7a4d31ba-ac4d-484f-937c-49bee530c3c2,delighted.golf,available,6.98,83.98,high,low,9,namecheap,,,09/08/2026 10:01
290ee913-ecc2-41aa-851b-4d1deabfdfad,bahreini.golf,available,6.98,83.98,medium,low,8,namecheap,,,08/08/2026 08:41
3c0a3020-45a7-48e8-ad3c-e3169bbc5dd7,xlvii.golf,available,6.98,83.98,medium,low,5,namecheap,,,
af3afe89-42c0-48c8-a268-1c2189440443,pour.golf,available,7.99,,high,low,4,name.com,,,
89050808-d863-4c9b-9366-675c38b373d1,anticipant.golf,available,6.98,83.98,medium,low,10,namecheap,,,
09643a94-4fc4-4758-9646-d25d437cf02e,alkalic.golf,available,6.98,83.98,medium,low,7,namecheap,,,
48c2a546-8e16-4bd3-99a7-81ba01d6fb35,been.golf,available,7.99,,medium,low,4,name.com,,,
b67e0c8f-6f39-424e-872c-8ed5d2df3a9a,recipe.golf,available,7.99,,high,low,6,name.com,,,
ba271740-29ad-44f2-a405-a55a234df1e3,ringed.golf,available,6.98,83.98,high,low,6,namecheap,,,
848426b1-7090-4f21-83e8-c5c165a1f667,conventionally.golf,available,7.99,,medium,low,14,name.com,,,
0bc8876e-7cd3-4449-80a8-77ea2c0f48b7,misses.golf,available,7.99,,high,low,6,name.com,,,
9dace1f4-d7c8-4bb8-953f-219f86899b4e,laws.golf,available,7.99,,high,low,4,name.com,,,
c31cc816-95b7-41db-b2a2-c3d664efdbc2,matte.golf,available,7.99,,high,low,5,name.com,,,
bc86db31-0c1e-4ddb-acfc-5ced194ac503,phoney.golf,available,6.98,83.98,medium,low,6,namecheap,,,08/08/2026 23:14
52b0adbb-a3e4-4912-8bc4-251c4c612b55,request.golf,available,7.99,,high,low,7,name.com,,,
6566f425-f1d0-4c84-8835-02e9838bcf3c,catch.golf,available,7.99,,high,low,5,name.com,,,
f6a56591-9a92-47e9-a8db-538b90947e8e,surrounding.golf,available,7.99,,high,low,11,name.com,,,
40a9065c-5782-45da-8421-331d97cb800d,flourishing.golf,available,7.99,,high,low,11,name.com,,,
03f889a0-3528-4501-8130-f398cc03e22f,professor.golf,available,7.99,,high,low,9,name.com,,,
20594325-b1f1-4332-ac2c-d49f03c5af90,save.golf,available,7.99,,high,low,4,name.com,,,
8dc2842c-03fc-491f-bdea-c1e521b3f0ef,garlic.golf,available,7.99,,high,low,6,name.com,,,
021f1b46-b2fb-4461-939a-848b2ba401ab,rheumatoid.golf,available,6.98,83.98,medium,low,10,namecheap,,,06/08/2026 23:10
8f2a19f0-1487-4389-8b4b-2dfd99d86c8d,certificate.golf,available,7.99,,high,low,11,name.com,,,
8dd5cad3-0343-4bec-be49-467bf7e36166,kooky.golf,available,6.98,83.98,high,low,5,namecheap,,,06/08/2026 21:04
a558343e-e8b4-492f-b045-f6e68bb2cbab,scarface.golf,available,7.99,,high,low,8,name.com,,,
1cf32cb8-6da6-413c-b088-76e625fbfcde,singletree.golf,available,7.99,,medium,low,11,name.com,,,
55956f1f-fb50-4772-b4eb-8862ff9ca3d9,munich.golf,premium,82.5,,high,low,6,name.com,,,
ffccb23c-dc90-4d2b-aa00-332878a82f74,useless.golf,available,7.99,,high,low,7,name.com,,,
3bab650c-fa96-4024-ac50-4288175aecaa,standardize.golf,available,7.99,,high,low,11,name.com,,,
5a0cd879-6b26-4fe9-964a-40ea417572ab,cognisant.golf,available,6.98,83.98,medium,low,9,namecheap,,,08/08/2026 00:18
761420a6-dfc3-429e-9222-37db6949174f,identify.golf,available,7.99,,high,low,8,name.com,,,
e14e4c25-00db-4aa5-8961-bf3571457306,roasted.golf,available,7.99,,high,low,7,name.com,,,
085e0211-a7bb-4569-b649-b975d0ad28cf,began.golf,available,7.99,,medium,low,5,name.com,,,
f8025027-f9f1-49b0-99f2-641797ed511e,noise.golf,available,7.99,,high,low,5,name.com,,,
5cf21ac3-53ee-42b7-802a-0d9c415ba1eb,balding.golf,available,6.98,83.98,medium,low,7,namecheap,,,08/08/2026 09:35
40d2f6d5-dc40-440e-8d9c-d97154782bed,microwave.golf,available,7.99,,high,low,9,name.com,,,
1eeec9c8-bd09-49a9-a3bf-7945e315a496,sawtooth.golf,available,7.99,,medium,low,9,name.com,,,
76913ec3-338e-41b8-a829-78e152b6baa8,ninth.golf,available,,,high,low,5,,,,
653ffb84-e23e-4f12-8584-20667c201933,stress.golf,available,7.99,,high,low,6,name.com,,,
dda4a62f-30e9-43e3-a0c6-ffc473c3d6a2,potato.golf,available,,,high,low,6,,,,
c8c23c0f-d794-4cc0-9e21-7484e62018e1,respecting.golf,available,7.99,,medium,low,10,name.com,,,
06115f6e-09e8-482e-bd8b-a563d7ed9449,angolan.golf,available,6.98,83.98,high,low,7,namecheap,,,
9adcb000-38cb-41ee-bce2-399a0c7185b5,infrared.golf,available,6.98,83.98,high,low,9,namecheap,,,04/09/2026 07:52
23b2d284-f775-4e53-9763-60d6e807e972,inhibit.golf,available,7.99,,high,low,7,name.com,,,
d53cc91c-f521-4f71-8ead-ec6fdd115bd7,biting.golf,available,6.98,83.98,high,low,6,namecheap,,,08/08/2026 16:41
760d62c0-c492-4fbe-a554-96aaddbb837a,acropetal.golf,available,6.98,83.98,medium,low,9,namecheap,,,
ff768ea4-2bc7-49fa-94d2-b607e5e22f60,unnatural.golf,available,6.98,83.98,high,low,9,namecheap,,,
3d145a76-b94e-4e9e-8cb3-075212510a78,wikileaks.golf,available,7.99,,medium,low,9,name.com,,,
2a41229f-b674-4a93-81e8-5105120560c2,sky.golf,resell,,,high,medium,3,"Spaceship, Inc.",12/12/2020 23:38,12/12/2026 23:38,
cdc543f4-c853-4ec8-ae6b-00db770d5bea,bjp.golf,available,7.99,,high,low,3,name.com,,,
f2c5a3e0-1081-46d4-8591-d7048a9c7567,measuring.golf,available,7.99,,high,low,9,name.com,,,
22ed5a5b-d431-4d31-bbc8-838ccf0b4dc5,must.golf,available,7.99,,high,low,4,name.com,,,
0d991fbe-ee3b-4374-99e8-562d466cab00,discord.golf,available,7.99,,high,medium,7,name.com,,,
9546fdf2-b96a-46fa-be9a-d80460b75a88,clerk.golf,available,7.99,,high,low,5,name.com,,,
27b124c0-6947-420a-9d57-b26c33e3b556,clue.golf,available,7.99,,high,low,4,name.com,,,
a6be5c74-e688-431a-95d6-4108231dbe6b,mouthfeel.golf,available,7.99,,high,low,10,name.com,,,
b885a87e-61d3-405c-aec5-cb9f7f2cef57,gleaming.golf,available,6.98,83.98,high,low,8,namecheap,,,
bf082ab2-dbde-4375-8204-f70c0fb456bd,regarded.golf,available,7.99,,high,low,8,name.com,,,
2f7b4c2f-acac-4af4-805a-d135f03715f2,disapproval.golf,available,7.99,,medium,low,11,name.com,,,
b5c53fb5-e30e-4255-8231-b211960ee3ae,apiarian.golf,available,6.98,83.98,medium,low,8,namecheap,,,05/08/2026 23:53
5e8925e4-5322-4398-a3af-75a316d230c8,argent.golf,available,6.98,83.98,medium,low,6,namecheap,,,06/08/2026 17:51
9fdede3b-9eb0-4a27-8304-9c2a1e538ea5,beforehand.golf,available,6.98,83.98,medium,low,10,namecheap,,,09/08/2026 08:51
22df0215-6df4-4d03-8a5a-4f57747bd1dc,tape.golf,available,7.99,,high,low,4,name.com,,,
99d9916b-8ee2-4e37-bac2-06eb7b63ed36,untypical.golf,available,6.98,83.98,medium,low,9,namecheap,,,07/08/2026 16:10
727f2a29-134b-458a-98fd-8fea5b59949b,wrongful.golf,available,7.99,,medium,low,8,name.com,,,
4960e24b-fd6e-4a15-8d7b-6d14efc03aa4,mechanic.golf,available,7.99,,high,low,8,name.com,,,
5c6b7ef7-0fa0-4bb9-9d8d-07675d6975cc,lay.golf,available,7.99,,high,low,3,name.com,,,
2c0d28f0-be55-494f-80ae-51adff3ccbaa,cipher.golf,available,6.98,83.98,high,low,6,namecheap,,,08/09/2026 15:11
f63da6a8-78b2-4811-a1af-5b0360343552,anyone.golf,available,7.99,,high,low,6,name.com,,,
7809f624-f73c-46b1-8152-d195ed5c9cf1,workout.golf,available,7.99,,high,low,7,name.com,,,
ddde7a86-5752-4303-94be-d2486cee4baa,kgb.golf,available,7.99,,high,low,3,name.com,,,
51898e02-2d65-440a-bd61-42deae4447c1,jumping.golf,available,6.98,83.98,high,low,7,namecheap,,,08/09/2026 06:49
d614d5c8-1d20-46e8-96c9-952a6527800e,offstage.golf,available,6.98,83.98,high,low,8,namecheap,,,08/08/2026 06:14
fb6d5820-5c7e-4cdc-b0e5-2d072b7dfb61,artless.golf,available,6.98,83.98,high,low,7,namecheap,,,06/08/2026 23:47
aef820cc-44f6-4e09-802d-845210502e18,represented.golf,available,7.99,,high,low,11,name.com,,,
afa6b890-4291-427c-87b2-4b48ca68e683,volcano.golf,available,7.99,,high,low,7,name.com,,,
d11e36c4-7b1f-4603-917b-aa8631517d31,rile.golf,available,7.99,,medium,low,4,name.com,,,
b21abd1e-04a6-450b-903a-8ac96fdcd870,recession.golf,available,7.99,,high,low,9,name.com,,,
9f9923a8-ae2a-40ba-9973-41c5fb9fde8e,commenting.golf,available,7.99,,high,low,10,name.com,,,
4b99fdcb-8c3b-41e0-aefe-a4a5f5d32e95,adios.golf,available,7.99,,high,low,5,name.com,,,
2a9a9746-f2f8-4868-951b-c57a8e232138,accidental.golf,available,6.98,83.98,high,low,10,namecheap,,,
aae4ce88-4a93-41a7-8dbf-008cae649282,newsgroup.golf,available,7.99,,high,low,9,name.com,,,
4746ef3e-d048-41d2-a17c-b4297ed627ea,thug.golf,available,7.99,,high,low,4,name.com,,,
5ae2c4c5-1798-485c-814e-6335b868321b,laborer.golf,available,7.99,,high,low,7,name.com,,,
5f0de03b-813d-4a55-920b-1c116afe1c83,anorectal.golf,available,6.98,83.98,medium,low,9,namecheap,,,
5df7c5c1-c2c3-4772-baa9-8b520e1756cc,astylar.golf,available,6.98,83.98,medium,low,7,namecheap,,,07/08/2026 10:15
3c4a2c25-4db4-4d8d-a49d-36390091cfc3,insufficient.golf,available,7.99,,medium,low,12,name.com,,,
bc2d6ae3-bbee-48c5-b456-7dfc52c95848,starting.golf,available,7.99,,high,low,8,name.com,,,
9939bfa7-c974-4d19-83e4-fe97ebe78105,detour.golf,available,7.99,,high,low,6,name.com,,,
997d6ab7-34a5-4b8d-abcf-eb71c0b89051,annotated.golf,available,7.99,,high,low,9,name.com,,,
ae29b415-0f48-4967-8c15-fc6b308c0183,obtain.golf,available,7.99,,high,low,6,name.com,,,
889c4e4a-c7b2-4355-98a3-7110550dc8c1,riding.golf,available,7.99,,high,low,6,name.com,,,
8e402954-bf1b-49de-9584-4e695dcd5565,tell.golf,available,7.99,,high,low,4,name.com,,,
d81afdca-0291-412f-8e34-e19b26a6d389,lxv.golf,available,6.98,83.98,medium,low,3,namecheap,,,
0457683a-2710-4942-b21c-1dc2ae6bdaab,something.golf,available,7.99,,high,low,9,name.com,,,
cf75e359-31a0-4a3e-b557-11b28520fa6a,lxiv.golf,available,6.98,83.98,medium,low,4,namecheap,,,
0629921d-8fc9-4c4e-9485-72d9cf179ef5,variable.golf,available,7.99,,high,low,8,name.com,,,
b6df4f90-2e6d-4e99-b834-188256921ca9,dawn.golf,available,7.99,,high,low,4,name.com,,,
4918ceff-301e-473d-993e-1a3bc7237cbe,billboard.golf,available,7.99,,high,low,9,name.com,,,
a696bc3a-8919-4844-8389-bbddd696d925,asunder.golf,available,6.98,83.98,medium,low,7,namecheap,,,07/08/2026 10:20
5a034ccd-e43d-4a6b-a742-dc7e86543072,enraged.golf,available,6.98,83.98,medium,low,7,namecheap,,,
325386b7-0df1-4cd9-832c-b38c66e606dc,mother.golf,available,7.99,,high,low,6,name.com,,,
66296a69-e5a8-41ae-bee4-be4d77d82f88,void.golf,available,7.99,,high,medium,4,name.com,,,
62fa7db0-007c-45ae-bc58-51a82a6e199e,legislative.golf,available,7.99,,high,low,11,name.com,,,
45c0b355-ca70-4274-8b00-39e3cea5a156,permutation.golf,available,7.99,,high,low,11,name.com,,,
ea13c49c-555e-4533-91a2-c1912762e933,merely.golf,available,7.99,,high,low,6,name.com,,,
e286139b-c523-4794-9ffe-e35bc98a2e93,fabric.golf,available,6.98,83.98,high,low,6,namecheap,,,08/09/2026 12:34
73839150-1945-48d3-b01d-394e5200317a,lightly.golf,available,7.99,,high,low,7,name.com,,,
f509d9b3-7cb7-4fb0-b0a3-aa3fe2e65a6b,husband.golf,available,7.99,,high,low,7,name.com,,,
3e78d9ca-9c3e-454e-a0ea-26127afc9717,budget.golf,resell,,,high,low,6,"GoDaddy.com, LLC",28/03/2019 23:38,28/03/2027 23:38,
269936c4-54b7-483a-aab5-3edf216a4dbc,affinity.golf,available,,,high,low,8,,,,
512dc9d5-0294-48e4-b236-41cea3fef62e,bruce.golf,available,7.99,,high,low,5,name.com,,,
6e7fffea-9249-4c58-8a63-c8130f17dfa7,overtime.golf,available,7.99,,high,low,8,name.com,,,
a7b3a0fa-1c81-43a6-9a2c-91046e47ccc7,sharply.golf,available,7.99,,medium,low,7,name.com,,,
756728a8-4976-4993-b720-db68a26fa1c0,textile.golf,available,7.99,,high,low,7,name.com,,,
e4ab993d-b873-40c0-8a55-67d7d8aafc54,amended.golf,available,6.98,83.98,high,low,7,namecheap,,,
918fa7a7-ca4b-480f-9023-13eed555f9c2,exposure.golf,available,6.98,83.98,high,low,8,namecheap,,,08/09/2026 13:44
b0c04864-94ae-4572-8f54-4d4de065ae39,legend.golf,premium,854,854,high,low,6,namesilo,,,
3e6af4d3-4fff-42a5-b08d-2081f98a5f78,alchemical.golf,available,6.98,83.98,medium,low,10,namecheap,,,
71a16879-9495-4990-928c-41d0e0692833,utterly.golf,available,7.99,,high,low,7,name.com,,,
58c0978c-4dfe-4d7d-b635-38dc884b706e,stations.golf,available,7.99,,high,low,8,name.com,,,
00201729-e216-4ef2-93b9-466635d4c7a3,vincible.golf,available,6.98,83.98,medium,low,8,namecheap,,,09/08/2026 05:42
8bb4d148-3015-431a-a186-a986d782bb48,addled.golf,available,6.98,83.98,medium,low,6,namecheap,,,
38b436a0-8692-451a-b8c8-cafa1d42e1ae,wrong.golf,available,7.99,,high,low,5,name.com,,,
74f4ac74-79ea-4af0-a242-f97ebc0d006e,involvement.golf,available,7.99,,high,low,11,name.com,,,
43770f32-0945-449f-a546-6b04799a1270,criticism.golf,available,7.99,,high,low,9,name.com,,,
0ebba132-2b49-4b1c-9e8b-7a6039000768,sixer.golf,available,6.98,83.98,medium,low,5,namecheap,,,
fc36eca3-75f6-4671-92ee-0cdcd55b5bfc,wannabee.golf,available,6.98,83.98,medium,low,8,namecheap,,,07/08/2026 05:22
478f85e6-b8c6-401d-8fba-2466fbcadd70,quickly.golf,available,7.99,,high,low,7,name.com,,,
e02945d1-afb1-4716-a454-ea1ef00fbb05,amiss.golf,available,6.98,83.98,high,low,5,namecheap,,,
bf3e3cf8-f4af-4b35-8aff-8d2bc84f4e80,feb.golf,available,7.99,,high,low,3,name.com,,,
ac3a24fd-1967-4b14-aa5f-33068da254a2,confide.golf,available,7.99,,high,low,7,name.com,,,
d633a1bb-81d8-4ade-99d7-6524af353cfa,apophatic.golf,available,6.98,83.98,medium,low,9,namecheap,,,06/08/2026 02:27
8acc6593-a316-410c-b8d1-50eb18aa2895,algal.golf,available,6.98,83.98,high,low,5,namecheap,,,
7e4583d4-ffcc-418c-a9df-2ced9933d2de,tetrad.golf,available,6.98,83.98,high,low,6,namecheap,,,
b2851dcd-bf8d-4c62-aec6-d79dd1214b36,malaria.golf,available,7.99,,high,low,7,name.com,,,
bbe0419f-a994-48f0-9a64-63d736837b92,non.golf,available,7.99,,high,low,3,name.com,,,
9c38a60a-5992-4b29-b60a-8696a2b3c48a,awarding.golf,available,7.99,,high,low,8,name.com,,,
332ce829-f6d3-4600-8994-6934ea2dcb75,transmit.golf,available,7.99,,high,low,8,name.com,,,
77d68464-887b-42e8-bfb7-e66a84307ec1,sunbaked.golf,available,6.98,83.98,medium,low,8,namecheap,,,
093d7eae-8d80-47aa-b543-825773026e1c,sensational.golf,available,7.99,,high,low,11,name.com,,,
37624118-54b2-4acc-888b-6105900821e4,smelling.golf,available,7.99,,high,low,8,name.com,,,
4f9697e7-8419-431e-8044-ca006db30042,proud.golf,available,7.99,,high,low,5,name.com,,,
1f052046-f617-4b2e-8f8b-89df24be242b,cxxxv.golf,available,6.98,83.98,medium,low,5,namecheap,,,
cb17a606-f3b0-463b-9490-528f16369d52,minutes.golf,available,7.99,,high,low,7,name.com,,,
ef8a9c25-aeb9-463d-9a33-5ef91b65ede6,cadillac.golf,available,7.99,,high,low,8,name.com,,,
645605a8-1470-490f-a5e7-f4ebb57a505c,beery.golf,available,6.98,83.98,medium,low,5,namecheap,,,09/08/2026 08:12
db22f61d-3bd4-4994-8fb6-bd8868edee11,salt.golf,available,7.99,,high,low,4,name.com,,,
76f10b3b-88a5-4690-bd25-098b0d72ce70,palace.golf,available,7.99,,high,low,6,name.com,,,
ffe1415d-a757-411b-9b34-e098b7678f63,effectively.golf,available,7.99,,high,low,11,name.com,,,
457d583d-77b0-4c60-bedf-767c6898d533,absence.golf,available,7.99,,high,low,7,name.com,,,
f5226ee5-3687-409d-b17d-f0ed01287789,fairy.golf,available,7.99,,high,low,5,name.com,,,
bb16dfdb-4429-491b-a4f6-c73d12919e91,twelfth.golf,available,6.98,83.98,high,low,7,namecheap,,,
d611288b-6618-4c40-853a-85a5f2cd8f9e,manual.golf,available,7.99,,high,low,6,name.com,,,
310b8e0a-1e7b-4615-a99b-a4801eca3b43,alimony.golf,available,7.99,,high,low,7,name.com,,,
e395e60d-89a9-4a8e-9732-881865fddc6e,adamant.golf,available,6.98,83.98,high,low,7,namecheap,,,
c8a1444e-536c-4453-9123-5b21bcbe8ed5,kinder.golf,available,,,high,low,6,,,,
59290d14-74ea-402d-b82e-d9b5938ccff3,desktop.golf,available,7.99,,high,low,7,name.com,,,
b88e3684-5640-4ff0-a2cb-6cba7765db6a,kicking.golf,available,7.99,,high,low,7,name.com,,,
348c735d-54a7-465f-a403-46b457673a98,sport.golf,premium,118.8,118.8,high,low,5,namesilo,,,
f924fcde-a21f-4f07-9cd5-a98cfd235b26,anticipate.golf,available,7.99,,high,low,10,name.com,,,
5687d1ac-4465-4664-87df-2cf0250a1a5e,reference.golf,available,7.99,,high,low,9,name.com,,,
709eeead-4471-49bb-bf8a-dd45352dd482,armorial.golf,available,6.98,83.98,medium,low,8,namecheap,,,06/08/2026 20:15
f774d8a9-79ff-4435-ae8b-64aa970c7d97,preference.golf,available,7.99,,high,low,10,name.com,,,
496d2c71-23c6-471b-b514-f52d3fb489a0,lxxxi.golf,available,6.98,83.98,medium,low,5,namecheap,,,
14be61a1-9878-40c8-913c-0dbe8315e2e7,accursed.golf,available,6.98,83.98,medium,low,8,namecheap,,,
0b335609-97b7-4ee0-90ea-f13094e29987,avenged.golf,available,6.98,83.98,high,low,7,namecheap,,,07/08/2026 22:35
277dd9e2-e25b-4be3-a370-5721bfcf2393,obtained.golf,available,7.99,,medium,low,8,name.com,,,
56bf785a-8c58-4d70-aff5-08d1601ac7ae,fifty.golf,available,,,high,low,5,,,,
4c570120-2fa1-4c8d-b2e9-892b2662737b,granddaughter.golf,available,7.99,,high,low,13,name.com,,,
b0ed9446-87b4-4604-9a8c-b9ab7009ff89,butterfly.golf,resell,,,high,low,9,Dynadot Inc,06/06/2026 17:00,06/06/2027 17:00,24/09/2026 07:28
ca460675-5c61-4b45-a921-7fa588aead56,rest.golf,available,7.99,,high,low,4,name.com,,,
9c28c1f5-c93f-463c-9f82-c4d40f73be1b,balletic.golf,available,6.98,83.98,high,low,8,namecheap,,,08/08/2026 10:26
021e903f-be1d-4820-9814-243750eebb89,expect.golf,available,7.99,,high,low,6,name.com,,,
58727e02-911b-404e-b3ac-58a4740c5fac,costs.golf,available,7.99,,high,low,5,name.com,,,
744d7a7c-1556-4dc6-93a2-b3e73c114474,gal.golf,available,7.99,,high,low,3,name.com,,,
e796b0cf-887e-41fa-a51d-0bf305053aab,portuguese.golf,available,7.99,,high,low,10,name.com,,,
63d9d3c1-3731-47ae-9570-9dd8135b2a54,commit.golf,available,,,high,low,6,,,,
e5e872e0-9002-4536-bec1-da579114cb1a,strong.golf,available,7.99,,high,low,6,name.com,,,
62ebe19a-a7e4-4998-93dc-dd05ea93b9b2,acerbic.golf,available,6.98,83.98,medium,low,7,namecheap,,,
d4fd95c7-bf3e-45b1-a319-1a4c2a928c97,triclinic.golf,available,6.98,83.98,medium,low,9,namecheap,,,
6d9dc5e2-001e-4449-bae1-e928baa14d30,pill.golf,available,7.99,,high,low,4,name.com,,,
c99ccd20-4618-4d0c-9f38-feaceaaaa56b,adnate.golf,available,6.98,83.98,medium,low,6,namecheap,,,
d454f45b-87f0-4274-8e4d-7cf86be2a2ae,increased.golf,available,7.99,,high,low,9,name.com,,,
9a13a863-d85b-4d15-99d7-96faf8776d6b,deejay.golf,available,7.99,,high,low,6,name.com,,,
ebcdccc5-b237-483d-a9e0-fffdd3037aa1,rang.golf,available,7.99,,medium,low,4,name.com,,,
9d5c4a87-5ba0-40c2-abd5-fdf696477f7d,shear.golf,available,7.99,,medium,low,5,name.com,,,
fa372d6f-b1a5-47d7-a264-c68cea4f1988,tardy.golf,available,6.98,83.98,medium,low,5,namecheap,,,09/08/2026 12:42
79c439f6-2bf4-4b1a-a5e0-8b1a1ac6b0d4,declining.golf,available,7.99,,high,low,9,name.com,,,
058f65d8-721b-4a28-bffc-416b60c11d38,changes.golf,available,7.99,,medium,low,7,name.com,,,
516df169-ea21-419f-aa58-3c8b204ff4aa,paddle.golf,available,,,high,low,6,,,,
e2928ed0-927d-4320-8d20-f4bae969d55c,arouse.golf,available,6.98,83.98,high,low,6,namecheap,,,07/08/2026 23:59
30959b56-b68a-460a-887a-cee991d79cfe,stability.golf,available,7.99,,high,low,9,name.com,,,
009a367d-e140-4ca9-bc17-bb2f25861f34,soundbar.golf,available,7.99,,high,low,8,name.com,,,
bc78c02d-377f-4c89-bf34-3e27c4e6bf31,carrie.golf,available,7.99,,high,low,6,name.com,,,
296ff7d9-33fa-46c7-a032-6744d60a75d1,regulate.golf,available,7.99,,high,low,8,name.com,,,
e9e6268c-89d9-4113-88b2-d059730705c3,believe.golf,available,7.99,,high,low,7,name.com,,,
b2cf10aa-2e83-44c3-b152-ca6c5fc40935,confused.golf,available,6.98,83.98,high,low,8,namecheap,,,07/08/2026 12:02
22e8b61a-d5fa-4ac3-a01c-7f281382e33a,absurd.golf,available,6.98,83.98,high,low,6,namecheap,,,
af342b61-5aa0-4245-bde5-e14622c176cb,apolitical.golf,available,6.98,83.98,high,low,10,namecheap,,,06/08/2026 02:02
0acab363-fcbb-417f-8632-93bcc9cf0cc4,askance.golf,available,6.98,83.98,medium,low,7,namecheap,,,07/08/2026 02:56
1cdf5c8d-b8fa-4d3a-b09e-dc4d1f6f599c,stopping.golf,available,7.99,,high,low,8,name.com,,,
b24143a6-5100-406a-badc-35d45dbed971,apathetic.golf,available,6.98,83.98,medium,low,9,namecheap,,,05/08/2026 22:04
49c87edb-c909-49a8-9a39-a116f58c19f6,bandy.golf,available,6.98,83.98,medium,low,5,namecheap,,,08/08/2026 11:45
7de4cf90-98cd-4aff-ba04-8a8672946424,workings.golf,available,7.99,,high,low,8,name.com,,,
5d2454c9-31cd-4cf2-9f76-7060c575f8a5,cement.golf,available,7.99,,high,low,6,name.com,,,
3259ec0e-b3f8-473d-9fc4-3d539447c75f,jack.golf,premium,854,854,high,medium,4,namesilo,,,
cf93b27f-35b1-47b5-81a8-aa98ade93806,called.golf,available,7.99,,high,low,6,name.com,,,
bdf32d1a-76d5-443b-b520-16d250f2e032,internationally.golf,available,7.99,,medium,low,15,name.com,,,
466ab60a-4620-4dd5-a3ab-f45b29caa429,tel.golf,premium,854,854,high,low,3,namesilo,,,
2de7f77b-860e-48be-a2c2-498d1ead67eb,cleopatra.golf,available,7.99,,high,low,9,name.com,,,
89153a91-97af-4bd6-ac6b-f958c638ba53,attraction.golf,available,7.99,,high,low,10,name.com,,,
dcf94e09-6b66-4f01-8ae4-27904c506e2b,involved.golf,available,7.99,,high,low,8,name.com,,,
8ee61832-00dc-4960-8e5f-4dfd4d12a98a,purchase.golf,available,7.99,,high,low,8,name.com,,,
971f4cbd-ec7e-4338-b395-0e6d3fb0741e,whenever.golf,available,7.99,,medium,low,8,name.com,,,
bd377664-6ec1-4a75-bfb8-2cd2952e06cd,alabama.golf,premium,242,242,high,low,7,namesilo,,,
06e1f894-b1a7-4f79-ba46-120784868b06,mount.golf,available,7.99,,high,low,5,name.com,,,
4add23ef-c57d-4f16-a5d1-9021a5e4e4ac,terrifying.golf,available,7.99,,medium,low,10,name.com,,,
693d9e6d-1e88-406d-bd88-aa0be32b7191,haven.golf,available,7.99,,high,medium,5,name.com,,,
a20fe588-c1d1-43ca-b61d-b63ba1fff0e2,synchronise.golf,available,7.99,,high,low,11,name.com,,,
b4fd055f-bb20-456e-b12a-9671a1af405a,anybody.golf,available,7.99,,medium,low,7,name.com,,,
eb1f9249-bcc0-4697-95f4-a8e141498635,burger.golf,available,7.99,,high,low,6,name.com,,,
7b756755-1782-4a6c-ae1e-789dc99bfb1e,highlighting.golf,available,7.99,,high,low,12,name.com,,,
6a5c64f1-bc2e-4fa8-a2d0-f46e3d8e24a5,bellbottom.golf,available,6.98,83.98,low,low,10,namecheap,,,09/08/2026 13:21
a70cfca6-0c8f-4b18-a87d-9188776028f9,measurement.golf,available,7.99,,high,low,11,name.com,,,
e1e6fa17-e07a-49f0-aa0c-82b3886a07a8,song.golf,premium,854,854,high,low,4,namesilo,,,
f0b5d84b-405f-4e9a-8b54-082ffa7c5975,learnt.golf,available,7.99,,medium,low,6,name.com,,,
571b6253-5bea-4db0-a471-68c66f5bdbd0,auricular.golf,available,6.98,83.98,high,low,9,namecheap,,,07/08/2026 17:46
e2c68691-3adb-4b54-ab11-532cccd57fe4,actress.golf,available,7.99,,high,low,7,name.com,,,
20f3785b-2f02-434f-bcd6-ae2a3efe54e5,lodge.golf,available,7.99,,high,low,5,name.com,,,
587a1436-74e7-444a-ac14-e36cb1dab83d,diverted.golf,available,6.98,83.98,medium,low,8,namecheap,,,
98726de3-46f3-4c13-940d-4d5df84b43e6,seasick.golf,available,6.98,83.98,medium,low,7,namecheap,,,
57277403-b99b-4ad8-af5c-244207ce9fbc,watching.golf,available,7.99,,high,low,8,name.com,,,
b3a891ce-c8ca-4d8b-ba6b-fd16dcd8c165,database.golf,available,7.99,,high,low,8,name.com,,,
21b512ba-a378-422a-90b8-fbb8808dd107,scream.golf,available,7.99,,high,low,6,name.com,,,
8c7b4b86-b8ef-4716-846e-3c79726e4c07,xliv.golf,available,6.98,83.98,high,low,4,namecheap,,,
79f4d830-2e63-4c84-be6d-7572be739d29,china.golf,available,,,high,low,5,,,,
e659a98e-5f5f-419f-bf8f-815ac989a704,disease.golf,available,7.99,,high,low,7,name.com,,,
62d38496-dc41-4bd3-b78e-3062965b0dd4,missile.golf,available,7.99,,high,low,7,name.com,,,
415d2c8e-497f-4db9-ad29-23efca4a69f4,nostrils.golf,available,7.99,,medium,low,8,name.com,,,
7499c788-1086-4418-9d56-8d9e745bc3da,nominee.golf,available,7.99,,high,low,7,name.com,,,
4497435d-d807-42cd-9303-e6ed806a979f,vehicle.golf,available,7.99,,high,low,7,name.com,,,
7bab8bfc-f07c-4f21-a226-724b0100d08f,utter.golf,available,7.99,,high,low,5,name.com,,,
f4f14eaf-97f2-449e-b2fc-d0c14197fe73,ratter.golf,available,6.98,83.98,low,low,6,namecheap,,,06/08/2026 04:00
76ddcf52-5a94-4b78-a0f4-766465b7bfdf,accused.golf,available,7.99,,high,low,7,name.com,,,
a1246a9f-add1-4355-8027-386a61d67bc5,assure.golf,available,7.99,,high,low,6,name.com,,,
f163deea-7713-4fc7-8cd3-5a21e6718c06,booklist.golf,available,7.99,,high,low,8,name.com,,,
faca7073-f0e7-405d-b807-97acbbe64ed3,rock.golf,premium,854,854,high,low,4,namesilo,,,
58717517-c9f0-43c6-afd6-14366bd1cfab,triplet.golf,available,6.98,83.98,medium,low,7,namecheap,,,
cbae5c3a-09b4-49dd-900d-b97ec4ba73c7,citizen.golf,available,7.99,,high,low,7,name.com,,,
d356dd69-5d5f-4168-b274-f18fb11e319c,cot.golf,available,7.99,,high,low,3,name.com,,,
05ef6cc3-2cc2-4fa6-ab16-73bc7f34c893,bye.golf,available,7.99,,high,low,3,name.com,,,
29c46ba7-ab88-4772-9c56-09d2f52428ca,modesty.golf,available,7.99,,high,low,7,name.com,,,
1ef239b4-be7b-4326-b165-a32bcdb23075,behavioral.golf,available,6.98,83.98,medium,low,10,namecheap,,,09/08/2026 10:16
99a0d027-5252-4cdf-a41f-f11e79b9762f,septenary.golf,available,6.98,83.98,medium,low,9,namecheap,,,
188334d7-acf2-4ade-85d3-76289230815e,critique.golf,available,7.99,,high,low,8,name.com,,,
67e2d0e2-4311-4118-94f0-b9076c6fc550,abasic.golf,available,6.98,83.98,medium,low,6,namecheap,,,
b034ef05-3a18-4e64-b0a9-bad310c7065d,pan.golf,available,7.99,,high,low,3,name.com,,,
fac117a5-42a6-45cf-ba20-5307a68af4b1,mouthy.golf,available,7.99,,medium,low,6,name.com,,,
7cbe6afe-cb44-4b00-84d5-8df32bbcea56,somebody.golf,available,7.99,,high,low,8,name.com,,,
294543c8-ad65-403a-addf-fa490bfd3e0f,tragic.golf,available,7.99,,high,low,6,name.com,,,
748587a9-9d8e-4f5b-af46-4df740d199c4,interact.golf,available,7.99,,high,low,8,name.com,,,
e3f21aa1-c86c-485c-94e0-9177e9f1dcc3,cocktail.golf,available,7.99,,high,low,8,name.com,,,
f7d2b626-c091-4942-b05d-dd8c40bf1ac7,despise.golf,available,7.99,,high,low,7,name.com,,,
e6b2ebcf-f751-4081-b1e7-cc66b7acde54,zanzibar.golf,available,7.99,,high,low,8,name.com,,,
9a139116-24d8-4169-ba6f-ecbf1bcd025f,abradant.golf,available,6.98,83.98,medium,low,8,namecheap,,,
8d5c38a5-4405-4666-a868-a1bf2dbeb27d,bathyal.golf,available,6.98,83.98,low,low,7,namecheap,,,09/08/2026 01:34
af89b839-e6c3-4c2e-a8a1-0c3c524152f9,apostate.golf,available,6.98,83.98,medium,low,8,namecheap,,,06/08/2026 03:35
db60e90e-8b35-435e-a118-c48cab6dd7f5,humanities.golf,available,7.99,,high,low,10,name.com,,,
1d344e18-9dc9-42be-ad53-b4588ac3ef83,precipitous.golf,available,7.99,,medium,low,11,name.com,,,
df3c0db0-5fda-4469-867d-382ef52c0b8e,etiologic.golf,available,6.98,83.98,medium,low,9,namecheap,,,
fe24d7d7-414f-42fd-bf54-9273bbaea540,sincerely.golf,available,7.99,,high,low,9,name.com,,,
25881856-643a-4575-99a8-1bc3979ee5b3,comely.golf,available,6.98,83.98,medium,low,6,namecheap,,,09/08/2026 06:13
da53291f-2118-4f9a-b8c1-d8b4e32c9e68,onion.golf,available,7.99,,high,low,5,name.com,,,
b7e2627f-bce8-47b8-b221-312bc1a65c3d,archival.golf,available,6.98,83.98,high,low,8,namecheap,,,06/08/2026 15:53
b175223a-ba36-45a3-9219-1c300ba8d13e,clinically.golf,available,7.99,,high,low,10,name.com,,,
2f4a010b-9820-43e8-8b94-e6579b10b975,worst.golf,available,7.99,,high,low,5,name.com,,,
e7d0f020-c783-475e-a543-5dfe943f19f6,anaglyphic.golf,available,6.98,83.98,medium,low,10,namecheap,,,
d482287c-edeb-4f97-a123-e6c5660f0745,disadvantage.golf,available,7.99,,high,low,12,name.com,,,
eea5f1e6-3bbe-4ece-836c-ad00e356a665,standon.golf,available,7.99,,medium,low,8,name.com,,,
d22dd82e-2393-47cb-a654-8aa7ceadba37,marked.golf,available,7.99,,high,low,6,name.com,,,
e36e7629-9e69-41b9-a82d-b9b1d39f4838,banded.golf,available,6.98,83.98,medium,low,6,namecheap,,,08/08/2026 11:40
eb692385-9820-442c-8fb2-9161705a5c0f,proper.golf,resell,,,high,low,6,"GoDaddy.com, LLC",06/11/2022 13:15,06/11/2026 13:15,
52d4ba1c-32b6-40a2-99f2-4eafbcc763d1,slanting.golf,available,6.98,83.98,medium,low,8,namecheap,,,07/08/2026 04:20
363ca5d3-a3a0-437c-bf69-4701bc651576,oneself.golf,available,7.99,,high,low,7,name.com,,,
6c4a6036-d4a5-434a-82a3-c84ecc1e6468,teenage.golf,available,6.98,83.98,high,low,8,namecheap,,,11/09/2026 10:07
4788bf2a-170d-4bfe-9895-c908191ddc4f,antonymous.golf,available,6.98,83.98,medium,low,10,namecheap,,,05/08/2026 20:16
fd204315-e15e-477e-8a2b-2962beccb710,kudos.golf,available,7.99,,high,low,5,name.com,,,
0245c0c9-5279-41b1-a0c0-a1ee72e7aba9,caustic.golf,available,6.98,83.98,medium,low,7,namecheap,,,
8c481a5f-4e86-417c-9726-c09465e43d35,rihanna.golf,available,7.99,,high,low,7,name.com,,,
d6a7320e-be35-450c-851e-8702e00b29e9,caught.golf,available,7.99,,high,low,6,name.com,,,
440615fc-a594-4288-b70d-4c649d8d9c3c,century.golf,resell,,,high,low,7,Dynadot Inc,30/08/2026 17:00,30/08/2027 17:00,18/09/2026 06:48
54229c33-3967-4a23-81c8-8eccf1e05e52,somewhat.golf,available,7.99,,high,low,8,name.com,,,
f5949a89-afb4-42e8-ac34-6120d93b0c7f,jasmine.golf,available,6.98,83.98,high,low,7,namecheap,,,08/09/2026 14:04
c8384bbf-41ed-4816-9246-11453e08e8b5,birth.golf,available,7.99,,high,low,5,name.com,,,
64ce14e1-76c3-4ce5-89ca-759e4d574a33,spry.golf,available,6.98,83.98,high,low,4,namecheap,,,
ba06d487-4a7d-48b8-b533-0666827f279c,matter.golf,available,7.99,,high,low,6,name.com,,,
6d496df6-6195-4403-89c4-7096dd83fd5e,didnt.golf,available,7.99,,medium,low,5,name.com,,,
49c7d582-5960-4251-b503-a20788471ebb,jelly.golf,available,7.99,,high,low,5,name.com,,,
510c401e-3ba4-46f1-99f2-cf755cf973d9,bargain.golf,premium,118.8,118.8,high,low,7,namesilo,,,
fc4ad329-a821-4132-b519-2fcbd8239c42,smashing.golf,available,6.98,83.98,high,low,8,namecheap,,,08/08/2026 12:53
fc82a3ac-b445-445c-b364-7611fe45a822,underwear.golf,available,7.99,,high,low,9,name.com,,,
a6b35dc7-2cab-4ed5-a3eb-921da34f7391,beatified.golf,available,6.98,83.98,medium,low,9,namecheap,,,09/08/2026 05:53
1891d8b3-e2d4-46c3-86aa-ff021db6ba77,intimate.golf,available,7.99,,high,low,8,name.com,,,
0858a918-1dbe-4282-ac9d-d180796c4cd7,claim.golf,available,7.99,,high,low,5,name.com,,,
6a881193-cad1-4ce3-aee3-a5e2bb1ecdd3,unbearable.golf,available,7.99,,medium,low,10,name.com,,,
0ec455fe-3abd-4c49-8554-5a7b83dfc6b8,aladdin.golf,available,,,high,low,7,,,,
b2b0c4cc-c903-44a4-a41d-959fe5f91144,aspirant.golf,available,6.98,83.98,medium,low,8,namecheap,,,07/08/2026 05:02
148a6a32-2c0a-4cd4-9435-5ef895019b07,again.golf,available,7.99,,high,low,5,name.com,,,
f4e9269a-de45-4115-8d6c-7046e803ba9c,corps.golf,available,7.99,,high,low,5,name.com,,,
d8368961-f534-43c7-b2e5-ab143d3f7de1,sciences.golf,available,7.99,,medium,low,8,name.com,,,
2def5920-e4dd-4dca-bf8a-c664bcf49fbc,carnal.golf,available,6.98,83.98,high,low,6,namecheap,,,
ec6c6dd3-ec1d-4fad-8651-9af7d39f6088,alsatian.golf,available,6.98,83.98,high,low,8,namecheap,,,
87334514-cc10-47df-93d3-867e56905a23,friendly.golf,resell,,,high,low,8,Dynadot Inc,15/07/2026 17:00,15/07/2027 17:00,08/09/2026 09:53
126be63d-c6c5-404f-8bf1-86771ddd28ce,ambiguous.golf,available,6.98,83.98,high,low,9,namecheap,,,
762aa722-e03d-481e-8ff6-940d0ab48011,step.golf,available,7.99,,high,low,4,name.com,,,
bd93d95a-e7d2-44ce-9282-0055ddc716fa,kindness.golf,available,7.99,,high,low,8,name.com,,,
aeaeec49-f411-4417-9754-5ba4837c3cb9,constructive.golf,available,7.99,,high,low,12,name.com,,,
62c3d4cf-2bdb-4741-97ff-cf3893f06637,altogether.golf,available,6.98,83.98,high,low,10,namecheap,,,
3c83d8ae-212a-4bfe-8527-ff57ba5076ca,autarchic.golf,available,6.98,83.98,medium,low,9,namecheap,,,07/08/2026 18:36
cda0a5ac-2225-4e70-a23a-ffb0459ee287,bond.golf,available,7.99,,high,low,4,name.com,,,
97863ca3-c2e8-4d86-904e-49b75e2217bc,unfounded.golf,available,6.98,83.98,medium,low,9,namecheap,,,08/08/2026 21:57
94733a8d-0669-4a0b-bb31-033b18a5dbc9,buffer.golf,available,7.99,,high,low,6,name.com,,,
1f332b51-612d-4c05-8959-34bea7f808c6,patent.golf,available,6.98,83.98,high,low,6,namecheap,,,06/08/2026 05:19
34a454d3-d737-4a5c-843d-7fdace0950e2,wasnt.golf,available,7.99,,low,low,5,name.com,,,
48c1838c-f69e-4d30-9bdb-08a8751059db,anaerobic.golf,available,6.98,83.98,medium,low,9,namecheap,,,
da964905-2eae-4641-ba7c-95130e973e28,retarded.golf,available,7.99,,medium,low,8,name.com,,,
ca4bb70e-0bc1-473a-98c4-73311815f91f,anorexic.golf,available,6.98,83.98,medium,low,8,namecheap,,,
881acb75-abff-4043-b2d0-7b826f50a5be,bucket.golf,available,7.99,,high,low,6,name.com,,,
9bee19fa-c239-4b2d-8132-04895c379030,extend.golf,available,7.99,,high,low,6,name.com,,,
9da5154b-3e54-40a2-aec9-0c632d5164cf,briefcase.golf,available,7.99,,high,low,9,name.com,,,
33bf4ebe-3e74-48d0-ad16-469ec52a53c3,probably.golf,available,7.99,,high,low,8,name.com,,,
78397fd3-0d1e-41ea-95f1-a7e662f16188,advert.golf,available,7.99,,high,low,6,name.com,,,
c4c8cdc9-cad8-4e67-9197-b1a2277f7317,affluence.golf,available,7.99,,high,low,9,name.com,,,
e5cc6e3a-dfcd-44b6-9fcf-0be70bcf01b6,bowls.golf,available,7.99,,high,low,5,name.com,,,
a8dca8fb-d1cb-438e-99e1-062679e2746e,awhile.golf,available,7.99,,medium,low,6,name.com,,,
091a3d6c-3a5b-40b2-85d9-f45f4fc54e23,lazuline.golf,available,6.98,83.98,medium,low,8,namecheap,,,08/08/2026 03:18
216db6e9-a495-496f-9436-3a2149683686,harm.golf,available,6.98,83.98,high,low,4,namecheap,,,08/09/2026 07:44
0fadc5cc-ef96-4834-b53b-3b1c9326c15c,cast.golf,available,7.99,,high,low,4,name.com,,,
b2454929-42ff-4831-8f40-38a136a6ddda,advertised.golf,available,6.98,83.98,high,low,10,namecheap,,,
c03cb7fc-072b-4b6c-a9c7-90b5ffd65b1e,perceiving.golf,available,7.99,,high,low,10,name.com,,,
6c5613ff-85dc-471b-b3a1-5c6b138b251c,selected.golf,available,7.99,,high,low,8,name.com,,,
469b8858-199f-4072-8c55-81a8fe4c105d,wedding.golf,available,7.99,,high,low,7,name.com,,,
bbe85c55-c87d-4e8c-b8a8-52e23e903082,aug.golf,available,6.98,83.98,high,low,3,namecheap,,,07/08/2026 17:10
45600c4d-5889-4761-95b3-713bae1f88b5,ambrosian.golf,available,6.98,83.98,high,low,9,namecheap,,,
71664a05-a393-4b28-9e48-7e885dfa35aa,barebacked.golf,available,6.98,83.98,medium,low,10,namecheap,,,08/08/2026 18:44
62ae6ba2-3b4d-494b-af42-2ae430e0c626,upc.golf,available,7.99,,high,low,3,name.com,,,
a0159862-5ecd-4184-81c0-5f7d330abc7f,indate.golf,available,7.99,,medium,low,7,name.com,,,
b1849976-97d6-41db-b765-ea24aee73dc1,trapped.golf,available,6.98,83.98,medium,low,7,namecheap,,,07/08/2026 11:08
a834bd37-9758-47b9-b2c3-305c7d15387a,tourist.golf,resell,,,high,low,7,"Sav.com, LLC - 27",14/06/2025 15:15,14/06/2026 15:15,
cc57149f-5169-4738-a11f-bbbe693aa29b,barometric.golf,available,6.98,83.98,medium,low,10,namecheap,,,08/08/2026 20:06
3264eb3f-800d-47a9-8a4e-11c43b1e9ce8,anatropous.golf,available,6.98,83.98,medium,low,10,namecheap,,,
d1cc8a37-1a8d-4872-bcb9-fbf76b6fb0e5,expose.golf,available,7.99,,high,low,6,name.com,,,
af90e15d-57de-480a-9bea-266ecb68a02c,cleverly.golf,available,7.99,,high,low,8,name.com,,,
a03d5816-dd6b-4363-b6ac-4bf29492f02e,uber.golf,available,,,high,low,4,,,,
abaa3b97-c92b-4a55-a00c-0bf884ad5df8,lxxi.golf,available,6.98,83.98,medium,low,4,namecheap,,,
d8d15435-7630-4737-b361-c60d66f107dc,specification.golf,available,7.99,,high,low,13,name.com,,,
ebee004d-1a31-4011-a0b2-e503c737b848,atonic.golf,available,6.98,83.98,low,low,6,namecheap,,,07/08/2026 13:54
a43b0d7c-21e6-4699-a0da-ac7dc1c2b6d0,hang.golf,available,7.99,,high,low,4,name.com,,,
ab224b86-4b25-4b4b-b4bf-3835ac4045c3,wikimedia.golf,available,,,medium,low,9,,,,
8f21bfdc-ec53-42ec-a70a-eb8995203771,shy.golf,available,7.99,,high,low,3,name.com,,,
b9f66375-747a-41ba-b444-53722edb1083,lii.golf,available,6.98,83.98,high,low,3,namecheap,,,
bc06557a-d454-4cca-b079-e3979463aa5a,autarkic.golf,available,6.98,83.98,medium,low,8,namecheap,,,07/08/2026 18:47
3ec6ecaa-a4bc-4932-a723-6213eff99165,clowning.golf,available,7.99,,high,low,8,name.com,,,
7f5206c9-533a-4ecc-9056-c06d7bcd50ea,nickelodeon.golf,available,7.99,,high,low,11,name.com,,,
18e3b0a8-5f1f-4e40-bdf0-8d45933f9f57,charge.golf,available,7.99,,high,low,6,name.com,,,
ef442f69-48eb-4d6d-b168-9e27264c78a3,affined.golf,available,6.98,83.98,medium,low,7,namecheap,,,
9ea7648f-3347-47ef-a178-61597a91839c,prompt.golf,resell,,,high,medium,6,"GoDaddy.com, LLC",25/02/2023 12:51,25/02/2026 12:51,
b4b669d9-1c24-4f1b-ba11-b4cb12ea9819,voiceless.golf,available,6.98,83.98,medium,low,9,namecheap,,,05/08/2026 23:23
f7a5dbdd-03a8-4484-986c-13a4bdc26429,asked.golf,available,7.99,,high,low,5,name.com,,,
6778a8b0-ba2e-42ad-9324-1658d162ea16,disguise.golf,available,7.99,,high,low,8,name.com,,,
6b22de5a-8bb5-4b14-ab72-4cd13bb65be3,xxxv.golf,available,6.98,83.98,high,low,4,namecheap,,,
1c3b45d0-cc15-41ff-ae1f-c794a64434d3,tilted.golf,available,6.98,83.98,high,low,6,namecheap,,,07/08/2026 13:29
5ea3b075-e227-48d9-b312-9887b543d023,cheated.golf,available,7.99,,medium,low,7,name.com,,,
f2bc6543-79d4-46a1-b101-ecbe388c5cc6,lose.golf,available,7.99,,medium,low,4,name.com,,,
2ca4d41e-67cc-4e93-a5ce-d8358a249449,fraud.golf,available,7.99,,high,low,5,name.com,,,
408f1d2f-46cc-427b-bf37-d5178c1520ec,heptad.golf,available,6.98,83.98,medium,low,6,namecheap,,,
f02d3c23-38f7-4850-ad61-1ca71a13f10d,roiled.golf,available,6.98,83.98,medium,low,6,namecheap,,,
1a69cb7c-133a-44f8-88de-2833df71622d,doubt.golf,available,7.99,,high,low,5,name.com,,,
9bb2fb40-c510-42be-9de2-c861eac71667,attachable.golf,available,6.98,83.98,medium,low,10,namecheap,,,07/08/2026 15:36
cab83f85-c5d9-44ae-8d9e-75c4fb0f1a83,follower.golf,available,7.99,,high,low,8,name.com,,,
7956f168-d51e-4486-a2ca-8f68bd65a2e9,inviting.golf,available,7.99,,high,low,8,name.com,,,
a8e46a21-c876-47b3-95c8-e266e8c6f24b,antiquary.golf,available,6.98,83.98,high,low,9,namecheap,,,
6812eb9f-e768-407a-96f0-8bb3aa5559d3,acre.golf,available,7.99,,high,low,4,name.com,,,
24cfe9e8-db59-4467-a2b6-ac95331dd3bf,ahorse.golf,available,6.98,83.98,medium,low,6,namecheap,,,
c97b665a-39e7-43a6-9066-18f0c6c54ff8,desolate.golf,available,6.98,83.98,medium,low,8,namecheap,,,08/08/2026 21:07
cabff8fb-eb3b-4d5a-82b1-a158399eae24,holder.golf,available,7.99,,high,low,6,name.com,,,
a63e2df7-e9b1-4758-9cd5-f24f15bf36ef,aleut.golf,available,6.98,83.98,high,low,5,namecheap,,,
70157c35-fe59-4e27-a62e-a21b54d1a564,liable.golf,available,7.99,,high,low,6,name.com,,,
0fcede96-6221-4843-8845-e68621cedaac,grumpy.golf,available,6.98,83.98,high,low,6,namecheap,,,08/08/2026 07:57
2bec056e-cbda-45a2-a148-f05f12f54b47,sound.golf,available,7.99,,high,low,5,name.com,,,
79445377-3875-4ace-a361-708182a63df1,initial.golf,available,7.99,,high,low,7,name.com,,,
c8b1697f-8214-44b3-848c-0a7cd37f3085,vein.golf,available,7.99,,high,low,4,name.com,,,
42daa184-7644-4fb1-9e29-c60475d76536,rotfl.golf,available,7.99,,medium,low,5,name.com,,,
5d2ef9d3-583c-4a61-963e-cf47050b8a1f,grouchy.golf,available,6.98,83.98,medium,low,7,namecheap,,,08/08/2026 07:52
ebdd13d7-92df-46ff-8053-32a3ce400254,resort.golf,available,,,high,low,6,,,,
ab699ab5-4939-4abb-9f66-b2ce99307917,troika.golf,available,6.98,83.98,high,low,6,namecheap,,,
b19fda27-12bd-4880-972d-eb656ac22aa4,jazz.golf,premium,854,854,high,low,4,namesilo,,,
aa662756-3ca5-4f9d-b141-205c65b90474,welfare.golf,available,6.98,83.98,high,low,7,namecheap,,,08/09/2026 03:13
5508c5a8-a847-4dd7-a069-1ac5e52fe626,table.golf,available,7.99,,high,low,5,name.com,,,
1e3054b0-1152-4b44-80ac-274c16375c23,theme.golf,available,7.99,,high,low,5,name.com,,,
fac2f080-8ee9-43ea-afa9-e3f2842eec0b,lxxxii.golf,available,6.98,83.98,medium,low,6,namecheap,,,
7be5f0f6-901a-4659-a42d-27f67357a94a,serve.golf,available,7.99,,high,low,5,name.com,,,
4763845b-03a3-44a1-8671-2961ac7a7ca4,traveling.golf,available,7.99,,high,low,9,name.com,,,
2db1d97d-8f33-4c93-a5cf-151e7f9750dc,orangutan.golf,available,7.99,,high,low,9,name.com,,,
d9834a71-c89b-4b4d-ac90-1c700cf883dd,sam.golf,premium,854,854,high,medium,3,namesilo,,,
7a4721f8-d026-48e9-97bf-d385920bd0fb,typing.golf,available,7.99,,high,low,6,name.com,,,
a0c0a96d-cc43-42a8-ba31-19e722461bbf,recover.golf,available,7.99,,high,low,7,name.com,,,
b8bf36b7-b46f-4a4e-8226-bd532025b1f0,detective.golf,available,7.99,,high,low,9,name.com,,,
e7c56ab2-8632-473d-b0e3-d8ea68d04309,produce.golf,available,7.99,,high,low,7,name.com,,,
56f44adf-9c97-4f6a-8c9e-cdafa8e411b5,thought.golf,available,7.99,,high,low,7,name.com,,,
b505dcc4-8df3-42c0-9e33-2609391924b1,commission.golf,available,7.99,,high,low,10,name.com,,,
b63c1b4e-4cfa-4497-afa6-b2464d41799b,spend.golf,available,7.99,,high,low,5,name.com,,,
2d4353b1-e248-4ce9-81f3-a37ff9c5ffd4,supervise.golf,available,7.99,,high,low,9,name.com,,,
6724e543-1056-4b3d-ac66-b68692c87d61,androgenic.golf,available,6.98,83.98,medium,low,10,namecheap,,,
2acfeb7a-5894-4a85-9178-aae75b500d16,list.golf,available,7.99,,high,low,4,name.com,,,
2639f02a-1eda-4682-ab8d-876a5d166189,default.golf,available,7.99,,high,low,7,name.com,,,
41140a7f-2c8f-4510-bef0-adfde3b2d240,pharmacy.golf,available,7.99,,high,low,8,name.com,,,
36c4afa4-0567-4967-8379-593b3b187ecd,altered.golf,available,6.98,83.98,high,low,7,namecheap,,,
98e96385-ba0c-4436-babe-2fdf8955adac,articled.golf,available,6.98,83.98,medium,low,8,namecheap,,,06/08/2026 08:28
43ed7cd2-383d-44f8-8a27-e3fa5ce79d9c,impression.golf,available,7.99,,high,low,10,name.com,,,
a2dba506-5d87-4c59-ac80-bc2d5833b378,twinkly.golf,available,6.98,83.98,medium,low,7,namecheap,,,09/08/2026 04:13
e6c2afd6-18d8-4fd5-9404-2e867b18af01,cairo.golf,available,7.99,,high,low,5,name.com,,,
6e6b6853-e3f2-44e0-a299-802c66ee3f9d,supper.golf,available,7.99,,high,low,6,name.com,,,
38cb9a22-34d5-4b3a-820f-99c75d9095d0,invent.golf,available,7.99,,high,low,6,name.com,,,
f2df4f79-0916-44c1-8b94-4ded6a5e8b2b,aboriginal.golf,available,6.98,83.98,high,low,10,namecheap,,,
e3b86160-2264-476c-a4b5-2b37d5921b19,greet.golf,available,7.99,,high,low,5,name.com,,,
1d4b9a2b-8c21-465e-9a0c-b90fd19a3aac,baseball.golf,available,7.99,,high,low,8,name.com,,,
40ab69d8-3a95-4616-ad50-7dcfbbd66aec,introduction.golf,available,7.99,,high,low,12,name.com,,,
eeb7237a-e6a1-4fc3-bb72-c4d8f0911103,lxxiv.golf,available,6.98,83.98,medium,low,5,namecheap,,,
4818cb7c-2341-433a-a3ab-dafe37fd3af3,matt.golf,premium,854,854,high,high,4,namesilo,,,
d55d1a0a-c2d5-4d4b-b04e-973cee078733,xcl.golf,available,6.98,83.98,medium,low,3,namecheap,,,
2b904320-d089-48ca-8b4a-e2d6d9c4ab03,documents.golf,available,7.99,,high,low,9,name.com,,,
e92940f2-3850-4ae7-aeda-0ced17311028,cons.golf,available,7.99,,high,low,4,name.com,,,
fc96cc4f-8f3b-4174-b654-08291cfabe6a,towards.golf,available,7.99,,high,low,7,name.com,,,
1a77b375-3390-4d5b-ae35-346802aa014a,yum.golf,available,7.99,,high,low,3,name.com,,,
aaf0ccb7-a5c8-4f4c-849f-0ec7f8c61d9c,marvel.golf,available,7.99,,high,low,6,name.com,,,
61236565-0c9a-4a15-98d5-8826769193e0,animal.golf,available,6.98,83.98,high,low,6,namecheap,,,08/09/2026 11:39
398e492a-494d-48f3-b485-b2aaa9c8a22f,leaning.golf,available,6.98,83.98,high,low,7,namecheap,,,07/08/2026 13:24
8e78c576-7f1c-42ca-9c3b-a7b302e27b85,prick.golf,available,6.98,83.98,high,low,5,namecheap,,,08/08/2026 23:38
02b574a4-f1cc-4def-844e-8c6c0fdab41b,skill.golf,available,,,high,low,5,,,,
021cf67d-70f2-4282-b9f4-2c290ccecf09,quantity.golf,available,7.99,,high,low,8,name.com,,,
3584cea1-aa13-47f3-88c1-c3118550ee4e,algometric.golf,available,6.98,83.98,medium,low,10,namecheap,,,
4e0f90fb-b149-4cb7-bef9-08a708689b2f,abatic.golf,available,6.98,83.98,medium,low,6,namecheap,,,
7fca59da-20af-4375-8619-77f78f1256d6,beaten.golf,available,6.98,83.98,medium,low,6,namecheap,,,09/08/2026 05:47
a78a22a6-1f32-455b-9a93-caa456164a19,oyster.golf,available,7.99,,high,low,6,name.com,,,
8218ddf9-04a3-4dcd-9479-a7182ca9de91,third.golf,available,,,high,low,5,,,,
653eae89-0fc0-4abd-ab24-f759f7acdbd6,continually.golf,available,7.99,,high,low,11,name.com,,,
6f5c1ac9-fd1a-47b5-8216-3acc3a6ed15a,endemic.golf,available,6.98,83.98,high,low,7,namecheap,,,07/08/2026 19:26
039ec7c7-0595-4d25-9e16-ee93c2f783fb,measure.golf,available,7.99,,high,low,7,name.com,,,
144a8816-871d-4b55-a107-f9b976a61744,azygous.golf,available,6.98,83.98,medium,low,7,namecheap,,,08/08/2026 03:27
8ac59c4a-5a80-4dd1-a867-7dcd13c9be93,fever.golf,available,7.99,,high,low,5,name.com,,,
33078ea5-f98f-4cbf-82e6-f4f497a51d45,father.golf,available,7.99,,high,low,6,name.com,,,
bb866636-6ec6-4f43-8b0d-8cc110594863,phantasmal.golf,available,6.98,83.98,medium,low,10,namecheap,,,06/08/2026 05:33
9611ba21-830a-40dd-901a-6088880978da,andante.golf,available,6.98,83.98,high,low,7,namecheap,,,
e2ef4401-3492-4d02-abea-b72231e94223,kept.golf,available,7.99,,high,low,4,name.com,,,
ca6805a1-9775-445b-b606-0915144dc8a0,presently.golf,available,7.99,,high,low,9,name.com,,,
4a73983b-62c7-4fe4-b9ca-3b268007f7b4,estimate.golf,available,7.99,,high,low,8,name.com,,,
3cf9ed67-c29f-4855-a519-6cec053bbaf6,fervid.golf,available,6.98,83.98,high,low,6,namecheap,,,06/08/2026 16:19
510f4f86-9bed-4b1d-9935-2d450898da4a,attender.golf,available,6.98,83.98,medium,low,8,namecheap,,,07/08/2026 15:17
e4ec187c-683f-45f9-b824-e062ea9f357c,almond.golf,available,7.99,,high,low,6,name.com,,,
eaa9477d-3a88-45bb-ab1e-e17ec15f7d2e,gaping.golf,available,6.98,83.98,high,low,6,namecheap,,,
f15d4c5b-b2be-4d04-bfbf-2258d83e76ad,japan.golf,available,,,high,low,5,,,,
f4a9342a-b7cf-46ab-9b90-6841bd58fd05,cue.golf,available,7.99,,high,low,3,name.com,,,
d9e37b1d-de0e-40e0-a0c4-e72768a929e5,restriction.golf,available,7.99,,high,low,11,name.com,,,
937b6c85-a895-46e3-a20a-90d1db38add2,rigorous.golf,available,7.99,,high,low,8,name.com,,,
f10f5400-f0f6-4da1-89f0-22bb100e03d1,pestering.golf,available,6.98,83.98,medium,low,9,namecheap,,,
58f17996-5c56-4733-a784-c57f81eae4ad,dissolve.golf,available,7.99,,high,low,8,name.com,,,
fcd867ad-a410-47a7-96b3-8281c8b9cf6f,canadas.golf,available,7.99,,medium,low,7,name.com,,,
953d22ac-524c-4c3d-b386-8c236558d978,otic.golf,available,6.98,83.98,medium,low,4,namecheap,,,07/08/2026 17:41
afd45760-2a6a-4f31-905b-064ed71270fc,annoy.golf,available,7.99,,high,low,5,name.com,,,
d4c28fc0-48dd-4a58-9d39-cedc2dbfbf51,restricted.golf,available,7.99,,high,low,10,name.com,,,
81991ff7-bf0d-45bb-956b-6caaa2d56a2f,wander.golf,available,7.99,,high,low,6,name.com,,,
78367e95-b0c9-4e7e-91dc-f02610d40081,hater.golf,available,7.99,,medium,low,5,name.com,,,
16f4374f-e9fb-4b45-bb5a-f48d178b2376,seventh.golf,available,6.98,83.98,high,low,7,namecheap,,,
d08f4d3b-aed6-40e8-9795-59152f7151e5,brushing.golf,available,7.99,,high,low,8,name.com,,,
cd4d4c77-81ee-44b6-87fc-1b10daf69c86,require.golf,available,7.99,,high,low,7,name.com,,,
5c29dd3f-82c4-4439-9868-50b1bcf0f0ae,apsidal.golf,available,6.98,83.98,medium,low,7,namecheap,,,06/08/2026 10:18
309f953a-8d09-47ae-a3a8-8826ff74fab9,ackack.golf,available,6.98,83.98,medium,low,7,namecheap,,,
988f1cc2-af6f-4d43-81ba-cf9b4cc3ad0d,threesome.golf,available,6.98,83.98,high,low,9,namecheap,,,
16a1320b-1a0e-4a3e-a086-7b187ebaf34a,maid.golf,available,7.99,,high,low,4,name.com,,,
57912521-73cc-452e-a8ba-64c92f694c82,procrastinate.golf,available,7.99,,medium,low,13,name.com,,,
26339631-9953-4ada-aafe-2c10ea3bb49c,lp.golf,premium,242,242,high,low,3,namesilo,,,
44bc2f1a-1b48-40a4-a01e-70a4c8e06ffd,agitating.golf,available,6.98,83.98,medium,low,9,namecheap,,,
bb1c6c88-d28f-4ba0-8c44-8c5ea83bfb82,hokey.golf,available,6.98,83.98,medium,low,5,namecheap,,,09/08/2026 00:37
686cf405-bbb0-4693-ace3-4f494effcda4,paint.golf,available,7.99,,high,low,5,name.com,,,
7124d634-fee0-4c16-8c66-2ffd1c919a3f,truth.golf,resell,,,high,medium,5,"Sav.com, LLC - 17",05/12/2025 15:16,05/12/2026 15:16,
7834a31e-443d-4a60-9aac-6df6702a4cbc,xxxvii.golf,available,6.98,83.98,medium,low,6,namecheap,,,
115cea33-61b7-4ad0-8625-7b7bbe886314,lxx.golf,available,6.98,83.98,medium,low,3,namecheap,,,
683b6a4c-e26d-4241-9b04-7ac94e95aa9f,inverted.golf,available,6.98,83.98,high,low,8,namecheap,,,
4af1ad51-0b42-4a38-8895-75b6faebab10,characteristics.golf,available,7.99,,medium,low,15,name.com,,,
1b7d14a3-7ce7-4952-be9a-cae9379cce0d,koala.golf,available,7.99,,high,low,5,name.com,,,
e3a674c5-ebef-40c2-a97e-33016908e566,bud.golf,available,7.99,,high,low,3,name.com,,,
8ed2c718-9c3c-4f75-a67c-879fde32f661,ardent.golf,available,6.98,83.98,high,low,6,namecheap,,,06/08/2026 16:11
afb16376-5615-4a28-a2bb-611adb93c826,curry.golf,available,7.99,,high,low,5,name.com,,,
77f20602-a583-4508-9663-9738a7ce8c6e,seem.golf,available,7.99,,high,low,4,name.com,,,
131acf10-15e5-4b5f-bddc-111c1b145386,waken.golf,available,6.98,83.98,high,low,5,namecheap,,,08/08/2026 00:08
aa9d36f4-cae5-4f50-9719-1ccbca4ebd57,irritation.golf,available,6.98,83.98,high,low,10,namecheap,,,
3b7a83ff-849c-4968-95da-1472b34c5fd1,extremely.golf,available,7.99,,high,low,9,name.com,,,
c6c358c4-9292-467d-a7ff-3dbdd94d6f8f,revered.golf,available,7.99,,high,low,7,name.com,,,
f278e46d-47d4-4bdc-9e21-6eacec76ac97,aspheric.golf,available,6.98,83.98,medium,low,8,namecheap,,,07/08/2026 04:52
ab84151f-1719-4668-b285-b131f3f70e80,competing.golf,available,7.99,,high,low,9,name.com,,,
2b67f3ac-a550-4d16-ba9e-3a847df49940,retardant.golf,available,7.99,,medium,low,9,name.com,,,
ae8e5e74-7b60-404b-8b7e-15b5c60bc09c,hannukah.golf,available,7.99,,high,low,8,name.com,,,
14b9cb11-bc35-4c8c-abaf-dd298396b692,fidgety.golf,available,6.98,83.98,medium,low,7,namecheap,,,05/08/2026 20:32
fd655c95-201f-4d80-a400-9a6c2e887151,castellano.golf,available,7.99,,medium,low,10,name.com,,,
00b7f714-906d-4253-963a-a38b368d60da,grilled.golf,available,6.98,83.98,high,low,7,namecheap,,,08/08/2026 16:31
948cb41b-513a-40ed-902e-ee21ec323980,another.golf,available,7.99,,high,low,7,name.com,,,
f5e9cf8f-c4eb-497e-891a-8872f285ac1f,anodyne.golf,available,6.98,83.98,high,low,7,namecheap,,,
0fa28e36-1a8f-4a39-a6d0-13171f59fb6b,acrid.golf,available,6.98,83.98,medium,low,5,namecheap,,,
e0f12aee-01c1-47c5-9e2d-921fae62fc5d,obsessive.golf,available,7.99,,high,low,9,name.com,,,
9daa3690-b335-4a87-bd49-761f2537f059,piano.golf,available,,,high,low,5,,,,
9afed618-2622-4da9-9dbb-2a5f607f836d,apish.golf,available,6.98,83.98,medium,low,5,namecheap,,,06/08/2026 00:12
e8cc988d-f9f0-4acd-95c5-59a00bcdf0f8,await.golf,available,7.99,,high,low,5,name.com,,,
43e33e66-65d7-4bae-9c3f-699b47075aa5,tercet.golf,available,6.98,83.98,high,low,6,namecheap,,,
bc05f157-cae1-4914-bdd4-8bb943e9f48b,this.golf,available,7.99,,high,medium,4,name.com,,,
d6566dd1-3f81-4ae8-ae90-d7614899884e,despotic.golf,available,6.98,83.98,medium,low,8,namecheap,,,07/08/2026 18:58
7e83d0b2-4d5e-4ae2-85aa-245121da815f,antiracist.golf,available,7.99,,high,low,11,name.com,,,
33e82fc5-0f0f-40bc-a26a-230e3f4fbed6,sparkly.golf,available,6.98,83.98,high,low,7,namecheap,,,
56f82c1a-658f-4a4e-acaf-344b1f641611,unbeatable.golf,available,7.99,,high,low,10,name.com,,,
65bacedc-9b39-4763-a88e-6288678a0408,banging.golf,available,6.98,83.98,high,low,7,namecheap,,,08/08/2026 13:03
c2fbb2e5-81b5-4b17-a410-cc89165d4100,priceless.golf,available,,,high,low,9,,,,
8b998b65-7e19-41a7-b67d-0600dd14e290,spiritual.golf,available,6.98,83.98,high,low,9,namecheap,,,06/08/2026 05:42
69437cde-b276-454b-98fa-79143390a64a,seagull.golf,available,7.99,,high,low,7,name.com,,,
2ac014e6-508f-4b6b-95e8-4b95334c46a4,germicide.golf,available,6.98,83.98,high,low,9,namecheap,,,
83504654-62c0-4508-8d35-0146e878f926,nutrient.golf,available,6.98,83.98,high,low,8,namecheap,,,08/09/2026 11:42
e8add00e-305d-464f-ba0c-b41365e8ea52,organ.golf,available,7.99,,high,low,5,name.com,,,
0aa4e0b3-a0cd-4c11-b831-693cdfe156c2,owned.golf,available,7.99,,high,low,5,name.com,,,
be947369-cf7e-49d5-bb96-3046af20496d,pancreas.golf,available,7.99,,high,low,8,name.com,,,
1d98b39c-38be-42a2-8834-bc07101d29fb,amative.golf,available,6.98,83.98,medium,low,7,namecheap,,,
29dcb8bb-0d70-4035-9b5e-5c06bc4f4786,terrified.golf,available,7.99,,medium,low,9,name.com,,,
35fe4aa0-c7a1-4304-900e-ce8c3793947d,aspirer.golf,available,6.98,83.98,medium,low,7,namecheap,,,07/08/2026 05:12
53845e10-d721-44bd-ad40-eb6578aa7bb1,pizzeria.golf,available,7.99,,high,low,8,name.com,,,
977e1e18-8199-4150-bca8-ac557d872cd0,wound.golf,available,7.99,,high,low,5,name.com,,,
ce319ac5-e055-4cda-a864-6e6b59ade1f5,ser.golf,available,7.99,,high,low,3,name.com,,,
5d1be391-7d84-4fcd-bc10-898f3b77d973,beaked.golf,available,6.98,83.98,medium,low,6,namecheap,,,09/08/2026 03:50
fc542b1d-5eac-4ebc-aae8-9ca4631beca6,borne.golf,available,7.99,,high,low,5,name.com,,,
f334014f-11fd-43a6-8293-8dbbe2f662f5,had.golf,available,7.99,,high,low,3,name.com,,,
08454d6b-1601-48d2-af9e-a9c97d61f64d,eating.golf,available,6.98,83.98,high,low,6,namecheap,,,08/09/2026 13:35
7f74f0e2-8521-45b3-a396-16fd49e272db,luggage.golf,available,7.99,,high,low,7,name.com,,,
ce9cfbf0-0c6d-417d-ba9f-dff94132c3bc,modeler.golf,available,7.99,,high,low,7,name.com,,,
5b2c9bc1-bd59-4161-9e8e-9a193d8f1644,baroque.golf,available,6.98,83.98,high,low,7,namecheap,,,08/08/2026 20:26
0db364c7-4071-40c7-867b-a82a200b4999,pimply.golf,available,6.98,83.98,medium,low,6,namecheap,,,
7182d689-cc93-4978-a8ad-b5a109f56759,afflicted.golf,available,6.98,83.98,high,low,9,namecheap,,,
9188a321-e696-4cfa-bc11-936533a7cec8,luxury.golf,premium,118.8,118.8,high,low,6,namesilo,,,
e32cd2fb-2792-4716-9026-780940371bd1,accentual.golf,available,6.98,83.98,medium,low,9,namecheap,,,
43903bd8-1761-4f89-98f7-76be2df9de9a,consult.golf,available,7.99,,high,low,7,name.com,,,
52efec4b-4532-4c0b-ad77-42b7829860d0,roi.golf,available,7.99,,high,low,3,name.com,,,
0236a003-1f77-451a-aa89-c91f469f82d0,committing.golf,available,7.99,,high,low,10,name.com,,,
1c1b099f-e3b5-4feb-9630-08e45c6bdbfb,heads.golf,available,7.99,,high,low,5,name.com,,,
ac6733ea-9d1b-4f3c-bd57-42ea8512ddf1,hindsight.golf,available,7.99,,high,low,9,name.com,,,
0ddb9c21-cab1-463f-b069-551310df89e4,descend.golf,available,7.99,,high,low,7,name.com,,,
9ffcdb8b-7b61-4e4e-a651-f043cc40be02,deflation.golf,available,7.99,,high,low,9,name.com,,,
39a8e1c3-eb8e-4786-a0b2-abb6a1d6f8d6,traveler.golf,available,7.99,,high,low,8,name.com,,,
4a6b9897-2b22-427b-8e5a-505667e8c16e,palliative.golf,available,6.98,83.98,high,low,10,namecheap,,,
5b74d391-e9c6-4245-a4f5-16db4c4f9677,abstinent.golf,available,6.98,83.98,high,low,9,namecheap,,,
c72e091e-4613-402b-919b-35fcb207411e,investments.golf,available,7.99,,high,low,11,name.com,,,
60250cff-22b8-4d76-afee-e3c00ae888a2,memorise.golf,available,7.99,,high,low,8,name.com,,,
b36a50ad-4923-4e2c-b947-1a36137856ab,speak.golf,available,7.99,,high,low,5,name.com,,,
b36776a7-1391-4e95-9c6d-e756683a03c3,retiring.golf,available,7.99,,high,low,8,name.com,,,
d134a316-3756-4f98-8922-d0ae79608b8e,number.golf,available,7.99,,high,low,6,name.com,,,
c1ad6f51-7236-4c6c-9836-9add409512b3,oregon.golf,premium,118.8,118.8,high,low,6,namesilo,,,
52a72eaa-65e2-480d-b087-3459f6f1ba78,abenaki.golf,available,6.98,83.98,high,low,7,namecheap,,,
08cf65c9-f3bd-4a1f-8e1b-736bdddfe2aa,wanting.golf,available,7.99,,high,low,7,name.com,,,
8fa3441b-5be4-4771-b7ba-6e479d812801,vanguard.golf,available,,,high,low,8,,,,
97f3119e-36ba-4bf0-8a30-b2afb01791ef,galling.golf,available,6.98,83.98,high,low,7,namecheap,,,
4a48ba9c-9ab5-420a-adf1-cdf890b46059,dracula.golf,available,7.99,,high,low,7,name.com,,,
cef6995c-a93c-41d4-b4f2-ea466c64e8e2,participating.golf,available,7.99,,high,low,13,name.com,,,
2702f01b-de60-4b16-aadc-a01d099f286a,skateboarding.golf,available,7.99,,high,low,13,name.com,,,
2d5b2dd3-ae61-49d4-b4cb-ca79c173e058,roman.golf,available,7.99,,high,low,5,name.com,,,
d937435c-8747-4e7d-bb1a-a62b74a47b27,yourselves.golf,available,7.99,,medium,low,10,name.com,,,
433fd4e8-cc95-4df7-a415-f29e2e4887ae,wonderfully.golf,available,7.99,,high,low,11,name.com,,,
6a177528-9b9d-477e-8d60-d809439ecfec,protect.golf,available,7.99,,high,low,7,name.com,,,
1f1d511e-0a26-4ab0-ae6c-ddeeab1b2d1c,philly.golf,premium,118.8,118.8,high,low,6,namesilo,,,
aa23ae5e-caf6-4ffa-b2ee-da005b32450e,sexual.golf,available,7.99,,high,low,6,name.com,,,
6721df10-1ec3-48e2-aa05-fab4942dacf7,snapchat.golf,available,7.99,,high,low,8,name.com,,,
0da34393-3fbf-4288-a4e2-acf8d3550774,developer.golf,available,,,high,low,9,,,,
cd131f22-b6ca-4467-90ec-6d9108a09fbc,arse.golf,available,6.98,83.98,medium,low,4,namecheap,,,09/08/2026 10:35
d62b46f7-dfc1-450e-8493-1b0f673fdaa4,archetypal.golf,available,6.98,83.98,high,low,10,namecheap,,,06/08/2026 15:32
52b29d9f-ade5-4f37-87d5-f4de827a7247,poolside.golf,available,7.99,,high,low,8,name.com,,,
c62bb68c-0457-4afc-b3ab-81f32dfa7337,industrialize.golf,available,7.99,,medium,low,13,name.com,,,
8161999d-e50e-47b9-b99e-e2dd1c5c70ea,cost.golf,available,7.99,,high,low,4,name.com,,,
730b235f-6c42-4516-b467-0d7cc98b03cf,shove.golf,available,7.99,,high,low,5,name.com,,,
76023af6-265c-4b66-a795-963295ffb532,creating.golf,available,7.99,,high,low,8,name.com,,,
76484240-e7f3-4b44-b8c6-956673dce2c5,appoint.golf,available,7.99,,high,low,7,name.com,,,
8fdd8aee-f5c0-43a4-a8b0-e53a74f1e217,quieter.golf,available,7.99,,high,low,7,name.com,,,
ecd43206-1fe2-44e4-b435-3802990b66d5,side.golf,available,7.99,,high,low,4,name.com,,,
7df4c96d-d524-4845-b1c4-00ea87bfee51,apology.golf,available,7.99,,high,low,7,name.com,,,
a313a0e6-e188-47b1-aa3d-ee025585973f,shopworn.golf,available,6.98,83.98,low,low,8,namecheap,,,08/08/2026 11:06
bc9cae53-d56b-4692-b52f-25649d97173e,adscript.golf,available,6.98,83.98,medium,low,8,namecheap,,,
e518aeb3-ae27-42ad-9ea2-dea0365ee736,understandable.golf,available,7.99,,high,low,14,name.com,,,
30236174-c018-4247-82a4-77304b5917f0,truffle.golf,available,7.99,,high,low,7,name.com,,,
f2e5d807-4760-4844-b037-fe9ccd67d3af,detecting.golf,available,7.99,,high,low,9,name.com,,,
95f4f4ca-eff3-4fde-a300-16706274767d,colors.golf,available,7.99,,high,low,6,name.com,,,
e82aee48-e943-4cc5-8c64-e65acbc03690,occasion.golf,available,7.99,,high,low,8,name.com,,,
a83f5cf8-b1fa-4f2c-b93a-5761fff4f32e,willow.golf,available,7.99,,high,low,6,name.com,,,
e5a49226-bfff-454e-b078-53c4c70064a8,octet.golf,available,6.98,83.98,high,low,5,namecheap,,,
e73a307f-d426-4fee-9fbd-0d54f111d9f2,rushing.golf,available,7.99,,high,low,7,name.com,,,
7736b64e-f212-499f-8f08-7bc71cb81c3e,whether.golf,available,7.99,,high,low,7,name.com,,,
acbbadc1-02ea-4a3c-b0c3-3a2d61cb5b4b,makeover.golf,available,7.99,,high,low,9,name.com,,,
09c98177-27c4-4679-ab2b-d24961caa10f,dilemma.golf,available,7.99,,high,low,7,name.com,,,
f7c36e33-c4d7-461b-8214-ac769eb86b0f,proved.golf,available,7.99,,high,low,6,name.com,,,
2d9129d6-f0c9-4b42-9ae0-43202e06d7ae,fourscore.golf,available,6.98,83.98,high,low,9,namecheap,,,
de625436-918e-4364-9580-0d3e163c26ab,bus.golf,available,7.99,,high,low,3,name.com,,,
bc05ea9a-4653-48d0-83d5-c6326aab4063,curtain.golf,available,7.99,,high,low,7,name.com,,,
4ecc899c-ba13-4ec9-b1d4-f6787faf749f,detest.golf,available,7.99,,medium,low,6,name.com,,,
2d93f03b-e8b6-4310-baf9-7303a3030df4,eleventh.golf,available,6.98,83.98,high,low,8,namecheap,,,
79646ad1-c1ba-4960-a53c-bf07b06a7c91,cypher.golf,available,6.98,83.98,high,medium,6,namecheap,,,
f768058c-1db8-45bd-bced-ca157eda6795,perspective.golf,available,,,high,low,11,,,,
659f4704-d563-4129-a9e8-bd3dcf82be56,laughter.golf,available,7.99,,high,low,8,name.com,,,
1fbcc14b-cafb-405a-951e-115362893d3a,lxxvii.golf,available,6.98,83.98,medium,low,6,namecheap,,,
baa0b574-ac0b-4a59-8275-65bb287bc97e,nightmare.golf,available,7.99,,high,low,9,name.com,,,
ce350e94-8b4a-41af-8f25-8c6a095188d8,digits.golf,available,7.99,,high,low,6,name.com,,,
63ef4d37-daf8-42c6-9504-099711473e57,reflection.golf,available,7.99,,high,low,10,name.com,,,
eeb6037e-642e-41af-b214-eede2dc36725,neighborhood.golf,available,7.99,,high,low,12,name.com,,,
7d73547f-b465-472b-838f-cdd127667213,insist.golf,available,7.99,,high,low,6,name.com,,,
00b2759d-02d0-451d-917b-10edced94520,encouraging.golf,available,7.99,,high,low,11,name.com,,,
5cdc77d6-b8ad-4aa0-b65e-d2e670a9459d,trading.golf,available,7.99,,high,low,7,name.com,,,
5a7f70e6-ddfd-415e-8f13-66040e827819,cxxx.golf,available,6.98,83.98,high,low,4,namecheap,,,
04a69db5-6df5-4a11-bf11-3a8fb53ca5d0,quint.golf,available,6.98,83.98,medium,low,5,namecheap,,,
ac02c73a-677c-4bad-bc5b-d01706d1561a,psychic.golf,available,7.99,,high,low,7,name.com,,,
07b497dc-25ae-460b-a2a9-e90cafdaa4cd,shush.golf,available,7.99,,medium,low,5,name.com,,,
88b22123-83a0-4aa3-b0cf-e2790e161f4b,acicular.golf,available,6.98,83.98,medium,low,8,namecheap,,,
abd24145-5b8e-4ac7-9d37-c002c2cf80c1,angry.golf,available,6.98,83.98,high,low,5,namecheap,,,
823d6100-26c5-49c8-b794-2396936cfeb0,twine.golf,available,7.99,,high,low,5,name.com,,,
48aa3e08-ca1e-4829-b1e5-72dcdcb7b91d,pertinent.golf,available,6.98,83.98,high,low,9,namecheap,,,06/08/2026 07:59
528b9029-073d-4b22-b4d9-918175634649,teens.golf,available,7.99,,high,low,5,name.com,,,
e8065e2f-0cc4-47f1-91b8-76657f8ebcab,waiter.golf,available,7.99,,high,low,6,name.com,,,
294f50ea-9d48-46e7-84be-808737c83109,ada.golf,resell,,,high,medium,3,Dynadot Inc,29/08/2026 17:00,29/08/2027 17:00,21/09/2026 08:53
42d99266-0bf7-4898-adb0-8d59544cf218,ladder.golf,available,7.99,,high,low,6,name.com,,,
bdc9230b-78fc-4127-b7ee-f35c52f43f78,keeping.golf,available,7.99,,high,low,7,name.com,,,
0ffebc78-6dcb-4032-8650-526844b93ba4,inane.golf,available,6.98,83.98,medium,low,5,namecheap,,,07/08/2026 02:43
6e1dcbe5-3cea-43b3-8a05-b521dc0caa28,baguette.golf,available,7.99,,high,low,8,name.com,,,
8d39574f-a085-4d86-b16a-7670eedb9a64,plentiful.golf,available,7.99,,high,low,9,name.com,,,
8a59ea2b-2104-47b4-917f-52db515de0e1,grinning.golf,available,7.99,,high,low,8,name.com,,,
1f0db66a-3e0b-4f00-83e4-8562ece38586,omniscient.golf,available,6.98,83.98,high,low,10,namecheap,,,
26bec8b2-0b67-4a7f-bb0c-fb1a63302fc1,comfortably.golf,available,7.99,,high,low,11,name.com,,,
63b4ecc2-649d-416f-a228-6280648aaf8d,pyrenees.golf,available,7.99,,high,low,8,name.com,,,
54117412-3cae-47e2-919c-1ac764145b10,protected.golf,available,7.99,,high,low,9,name.com,,,
8e36b175-e632-4f2c-8d91-ea442d2b0901,might.golf,available,7.99,,high,low,5,name.com,,,
6b10bc86-1bfe-459b-87bd-44585e64b990,arable.golf,available,6.98,83.98,medium,low,6,namecheap,,,06/08/2026 11:14
f54003b3-cea2-403f-8012-c3019d82f6c4,slight.golf,available,7.99,,high,low,6,name.com,,,
bc06c1c3-c8ff-4840-a9f0-cbcd93a8008c,happening.golf,available,7.99,,high,low,9,name.com,,,
6ad2b713-1bf5-41b8-ba17-92f6292a5adf,youngest.golf,available,7.99,,high,low,8,name.com,,,
5095fc82-c9ae-4ab2-a4ab-5a42a82d3c01,gene.golf,available,7.99,,high,low,4,name.com,,,
65734d19-4782-4248-8c36-0008bde1628f,men.golf,resell,7.99,,high,low,3,Porkbun LLC,14/03/2026 14:15,14/03/2027 14:15,
9f3491b1-79c0-46b5-bd30-dfd71dfc0d7d,maternal.golf,available,7.99,,high,low,8,name.com,,,
25dd643b-d1ac-4f97-8dd1-f0d4d28b832a,absolved.golf,available,6.98,83.98,high,low,8,namecheap,,,
69660418-c993-4496-a1ce-144fdf1a3bb8,mediocre.golf,available,7.99,,high,low,8,name.com,,,
3d22764a-26b1-4be6-bfa6-df155ad1d072,grey.golf,available,6.98,83.98,high,low,4,namecheap,,,08/09/2026 07:08
af543ce9-bb04-4b85-bcd0-0b470a1a393c,martha.golf,available,7.99,,high,low,6,name.com,,,
70a62431-c0e1-40a7-a237-df8bf6dcb827,promising.golf,available,7.99,,high,low,9,name.com,,,
64b03a6c-9be7-4719-b47d-cd819e5154e7,emotive.golf,available,6.98,83.98,high,low,7,namecheap,,,
7c26bf7d-33a2-4332-8d6b-ef477c46b1bb,question.golf,available,7.99,,high,low,8,name.com,,,
36082774-df3e-457d-aa7c-e45db8ef1363,babylonian.golf,available,6.98,83.98,high,low,10,namecheap,,,08/08/2026 03:58
c9a7f021-8be1-4b7b-916d-a474c38e1557,fiber.golf,available,7.99,,high,low,5,name.com,,,
bf2e0b70-d40f-4def-9f0f-c5302d3e2f3b,dislike.golf,available,7.99,,high,low,7,name.com,,,
648ceb1a-298c-49c0-b8bb-bddef7de3783,subalpine.golf,available,6.98,83.98,medium,low,9,namecheap,,,
240f2a1b-455c-4b80-9f82-b37737e651c5,sleeping.golf,available,7.99,,high,low,8,name.com,,,
ba9545e6-873b-4362-a630-86b8b73f9250,way.golf,available,7.99,,high,low,3,name.com,,,
67bcf36d-ec1e-4734-aa8e-2719aa9f89ca,orange.golf,available,,,high,low,6,,,,
835efa07-f87b-4b41-bcf0-e6b0e73de189,alienable.golf,available,6.98,83.98,medium,low,9,namecheap,,,
60ba4832-be18-452e-855d-9ad6291bf339,pig.golf,available,7.99,,high,low,3,name.com,,,
2105ecbb-49d5-4ae6-bc58-b22a978d5b62,allowance.golf,available,7.99,,high,low,9,name.com,,,
72593fa0-8b5c-4ab0-9745-8735df9c3446,xcii.golf,available,6.98,83.98,medium,low,4,namecheap,,,
ade16b07-4c7f-4a1f-bac1-6a8201003d0b,grandmother.golf,available,7.99,,high,low,11,name.com,,,
47e4bbaf-3e7a-4dcb-9380-129a261b61bc,diagonal.golf,available,6.98,83.98,medium,low,8,namecheap,,,07/08/2026 04:07
338e33b2-5bba-4074-a34a-7429caeaf80b,achromic.golf,available,6.98,83.98,medium,low,8,namecheap,,,
6b058b96-08c2-4f6b-ae62-8759d0cb5c0c,acronymous.golf,available,6.98,83.98,medium,low,10,namecheap,,,
eeea57f8-7737-403a-93d3-49b4286000a2,fedex.golf,available,7.99,,high,low,5,name.com,,,
22e7d5c0-6976-45fc-b173-436f10d58ca7,wrench.golf,available,7.99,,high,low,6,name.com,,,
86e2b5e0-37ce-4084-831e-9a752d85887a,tylenol.golf,available,,,high,low,7,,,,
3f4a6bb1-08ef-4fbf-8dd1-cad3073efee5,verb.golf,available,7.99,,high,low,4,name.com,,,
73dfc86f-72d9-47fe-9ce2-3c69a230f32a,veg.golf,available,7.99,,high,low,3,name.com,,,
a560cb97-070e-4276-a42b-f9e4d5029c4f,aneuploid.golf,available,6.98,83.98,medium,low,9,namecheap,,,
3fbcf3ae-46c7-4fed-91ad-495acdb248f0,philippines.golf,available,,,high,low,11,,,,
20ea3774-ef0c-4a4e-a7b4-272337394816,roast.golf,available,7.99,,high,low,5,name.com,,,